exposure_spec,loo_variant,omitted_region,omitted_region_name,omitted_original_tercile,n_assignment_changes,outcome,n_obs,n_clusters,controls,control_spec,group,coef,se,ci_low,ci_high,pval_cluster,full_sample_coef,absolute_change,sign_change
exposure_cov_hybrid,fixed_groups,11.0,Galicia,medium,0,poverty,161507,16,head_age_group;head_sex;head_education_group;n_adults_group;n_children_group,preferred_demographic,medium,0.0038703372851772375,0.0104075489982773,-0.018312828297592017,0.02605350286794649,0.7151847282145933,-0.0014151131862935368,0.0052854504714707744,True
exposure_cov_hybrid,fixed_groups,11.0,Galicia,medium,0,poverty,161507,16,head_age_group;head_sex;head_education_group;n_adults_group;n_children_group,preferred_demographic,high,-0.008407185783500746,0.009585324810328593,-0.028837821994518474,0.01202345042751698,0.3942689665328605,-0.008396221042215922,1.0964741284823915e-05,False
exposure_cov_hybrid,fixed_groups,11.0,Galicia,medium,0,matdep,161507,16,head_age_group;head_sex;head_education_group;n_adults_group;n_children_group,preferred_demographic,medium,0.007191267622601155,0.005814549202040702,-0.005202150631723458,0.01958468587692577,0.23518657724777703,0.007068201264849717,0.00012306635775143765,False
exposure_cov_hybrid,fixed_groups,11.0,Galicia,medium,0,matdep,161507,16,head_age_group;head_sex;head_education_group;n_adults_group;n_children_group,preferred_demographic,high,0.008294036675840064,0.00542621438616851,-0.0032716655116687247,0.019859738863348853,0.14719640324022132,0.008304632838594912,1.0596162754847663e-05,False
exposure_cov_hybrid,fixed_groups,11.0,Galicia,medium,0,poverty_gap,161507,16,head_age_group;head_sex;head_education_group;n_adults_group;n_children_group,preferred_demographic,medium,0.0022996722069897843,0.006260680628844578,-0.011044652674255884,0.015643997088235453,0.7185112306080563,-3.539762763076416e-05,0.0023350698346205484,True
exposure_cov_hybrid,fixed_groups,11.0,Galicia,medium,0,poverty_gap,161507,16,head_age_group;head_sex;head_education_group;n_adults_group;n_children_group,preferred_demographic,high,-0.0017137243541393303,0.005329499353514817,-0.013073283329249607,0.009645834620970946,0.7522274311349624,-0.0017073649105611248,6.359443578205469e-06,False
exposure_cov_hybrid,fixed_groups,11.0,Galicia,medium,0,poverty_gap_sq,161507,16,head_age_group;head_sex;head_education_group;n_adults_group;n_children_group,preferred_demographic,medium,0.0028445195939600706,0.004434525539455415,-0.0066074478518853945,0.012296487039805536,0.5309114599563518,0.0012880830765384858,0.0015564365174215848,False
exposure_cov_hybrid,fixed_groups,11.0,Galicia,medium,0,poverty_gap_sq,161507,16,head_age_group;head_sex;head_education_group;n_adults_group;n_children_group,preferred_demographic,high,0.0006031788782728613,0.004056889647595134,-0.008043876717479945,0.009250234474025669,0.8837864481394913,0.0006051112119733086,1.93233370044722e-06,False
exposure_cov_hybrid,reranked_groups,11.0,Galicia,medium,1,poverty,161507,16,head_age_group;head_sex;head_education_group;n_adults_group;n_children_group,preferred_demographic,medium,-0.0013300668141106578,0.011028664256378332,-0.0248371082314996,0.022176974603278284,0.9056077745105491,-0.0014151131862935368,8.5046372182879e-05,False
exposure_cov_hybrid,reranked_groups,11.0,Galicia,medium,1,poverty,161507,16,head_age_group;head_sex;head_education_group;n_adults_group;n_children_group,preferred_demographic,high,-0.007087693915138492,0.00969369993630542,-0.02774932623916951,0.013573938408892525,0.475945901594786,-0.008396221042215922,0.0013085271270774305,False
exposure_cov_hybrid,reranked_groups,11.0,Galicia,medium,1,matdep,161507,16,head_age_group;head_sex;head_education_group;n_adults_group;n_children_group,preferred_demographic,medium,0.004684625716028051,0.005540466735427981,-0.007124599589388974,0.016493851021445075,0.4111006491549518,0.007068201264849717,0.0023835755488216667,False
exposure_cov_hybrid,reranked_groups,11.0,Galicia,medium,1,matdep,161507,16,head_age_group;head_sex;head_education_group;n_adults_group;n_children_group,preferred_demographic,high,0.00953676356084411,0.005742679789073879,-0.0027034686658727203,0.02177699578756094,0.11753091732389076,0.008304632838594912,0.0012321307222491976,False
exposure_cov_hybrid,reranked_groups,11.0,Galicia,medium,1,poverty_gap,161507,16,head_age_group;head_sex;head_education_group;n_adults_group;n_children_group,preferred_demographic,medium,0.0012928661096808392,0.005905404760530302,-0.011294206183498011,0.01387993840285969,0.8296561113503722,-3.539762763076416e-05,0.0013282637373116034,True
exposure_cov_hybrid,reranked_groups,11.0,Galicia,medium,1,poverty_gap,161507,16,head_age_group;head_sex;head_education_group;n_adults_group;n_children_group,preferred_demographic,high,-0.0015996896714024515,0.005412767198799925,-0.013136729857505414,0.009937350514700509,0.7716330746142304,-0.0017073649105611248,0.00010767523915867334,False
exposure_cov_hybrid,reranked_groups,11.0,Galicia,medium,1,poverty_gap_sq,161507,16,head_age_group;head_sex;head_education_group;n_adults_group;n_children_group,preferred_demographic,medium,0.002849533289398969,0.004171704146642011,-0.006042243618170977,0.011741310196968916,0.5049817017474156,0.0012880830765384858,0.0015614502128604834,False
exposure_cov_hybrid,reranked_groups,11.0,Galicia,medium,1,poverty_gap_sq,161507,16,head_age_group;head_sex;head_education_group;n_adults_group;n_children_group,preferred_demographic,high,0.00040718858356987597,0.004132001891244536,-0.008399964969775426,0.009214342136915177,0.92280429795101,0.0006051112119733086,0.0001979226284034326,False
exposure_cov_hybrid,fixed_groups,12.0,Principado de Asturias,medium,0,poverty,165116,16,head_age_group;head_sex;head_education_group;n_adults_group;n_children_group,preferred_demographic,medium,-0.002369503772018307,0.011489315941295148,-0.026858401013884536,0.022119393469847926,0.839380162501715,-0.0014151131862935368,0.0009543905857247704,False
exposure_cov_hybrid,fixed_groups,12.0,Principado de Asturias,medium,0,poverty,165116,16,head_age_group;head_sex;head_education_group;n_adults_group;n_children_group,preferred_demographic,high,-0.008385304553658789,0.009609488747783144,-0.02886744497818295,0.012096835870865373,0.39663125470637706,-0.008396221042215922,1.0916488557133688e-05,False
exposure_cov_hybrid,fixed_groups,12.0,Principado de Asturias,medium,0,matdep,165116,16,head_age_group;head_sex;head_education_group;n_adults_group;n_children_group,preferred_demographic,medium,0.007832481415441675,0.005418293082287243,-0.003716336912509147,0.019381299743392498,0.16886845467788936,0.007068201264849717,0.0007642801505919573,False
exposure_cov_hybrid,fixed_groups,12.0,Principado de Asturias,medium,0,matdep,165116,16,head_age_group;head_sex;head_education_group;n_adults_group;n_children_group,preferred_demographic,high,0.008304705306787695,0.005434395672634614,-0.0032784348800413646,0.019887845493616753,0.14727972051311444,0.008304632838594912,7.246819278342032e-08,False
exposure_cov_hybrid,fixed_groups,12.0,Principado de Asturias,medium,0,poverty_gap,165116,16,head_age_group;head_sex;head_education_group;n_adults_group;n_children_group,preferred_demographic,medium,-0.00032500182968730573,0.006499378440452048,-0.014178099053009829,0.013528095393635219,0.9607781459579661,-3.539762763076416e-05,0.0002896042020565416,False
exposure_cov_hybrid,fixed_groups,12.0,Principado de Asturias,medium,0,poverty_gap,165116,16,head_age_group;head_sex;head_education_group;n_adults_group;n_children_group,preferred_demographic,high,-0.0016922775340979124,0.005337507195421325,-0.01306890482020073,0.009684349752004905,0.755572754753961,-0.0017073649105611248,1.5087376463212383e-05,False
exposure_cov_hybrid,fixed_groups,12.0,Principado de Asturias,medium,0,poverty_gap_sq,165116,16,head_age_group;head_sex;head_education_group;n_adults_group;n_children_group,preferred_demographic,medium,0.0010279646157499336,0.004586378804601216,-0.008747670403082317,0.010803599634582182,0.8256770961496853,0.0012880830765384858,0.0002601184607885522,False
exposure_cov_hybrid,fixed_groups,12.0,Principado de Asturias,medium,0,poverty_gap_sq,165116,16,head_age_group;head_sex;head_education_group;n_adults_group;n_children_group,preferred_demographic,high,0.0006185682493483948,0.004059673349564492,-0.008034420666701975,0.009271557165398764,0.8809265355526339,0.0006051112119733086,1.3457037375086238e-05,False
exposure_cov_hybrid,reranked_groups,12.0,Principado de Asturias,medium,1,poverty,165116,16,head_age_group;head_sex;head_education_group;n_adults_group;n_children_group,preferred_demographic,medium,-0.006040951658422922,0.01118542294017132,-0.029882116301144974,0.017800212984299128,0.5970740676543991,-0.0014151131862935368,0.004625838472129385,False
exposure_cov_hybrid,reranked_groups,12.0,Principado de Asturias,medium,1,poverty,165116,16,head_age_group;head_sex;head_education_group;n_adults_group;n_children_group,preferred_demographic,high,-0.007060575765254338,0.00971743804132545,-0.027772804662442748,0.013651653131934071,0.4786644920596739,-0.008396221042215922,0.0013356452769615846,False
exposure_cov_hybrid,reranked_groups,12.0,Principado de Asturias,medium,1,matdep,165116,16,head_age_group;head_sex;head_education_group;n_adults_group;n_children_group,preferred_demographic,medium,0.005436374636241501,0.005294568460327196,-0.005848730902458023,0.016721480174941024,0.3207965952942282,0.007068201264849717,0.0016318266286082161,False
exposure_cov_hybrid,reranked_groups,12.0,Principado de Asturias,medium,1,matdep,165116,16,head_age_group;head_sex;head_education_group;n_adults_group;n_children_group,preferred_demographic,high,0.009549443123662665,0.005752474412510718,-0.0027116658487275434,0.02181055209605287,0.11765776793185223,0.008304632838594912,0.001244810285067753,False
exposure_cov_hybrid,reranked_groups,12.0,Principado de Asturias,medium,1,poverty_gap,165116,16,head_age_group;head_sex;head_education_group;n_adults_group;n_children_group,preferred_demographic,medium,-0.0007911552109848593,0.006047917724499767,-0.013681986696452804,0.012099676274483084,0.8976603765942253,-3.539762763076416e-05,0.0007557575833540952,False
exposure_cov_hybrid,reranked_groups,12.0,Principado de Asturias,medium,1,poverty_gap,165116,16,head_age_group;head_sex;head_education_group;n_adults_group;n_children_group,preferred_demographic,high,-0.0015762420029321194,0.005421063945715107,-0.013130966286477072,0.009978482280612832,0.7752146029476412,-0.0017073649105611248,0.00013112290762900538,False
exposure_cov_hybrid,reranked_groups,12.0,Principado de Asturias,medium,1,poverty_gap_sq,165116,16,head_age_group;head_sex;head_education_group;n_adults_group;n_children_group,preferred_demographic,medium,0.0013465939956034947,0.004317217138349823,-0.007855336512015112,0.0105485245032221,0.7594006200870618,0.0012880830765384858,5.851091906500889e-05,False
exposure_cov_hybrid,reranked_groups,12.0,Principado de Asturias,medium,1,poverty_gap_sq,165116,16,head_age_group;head_sex;head_education_group;n_adults_group;n_children_group,preferred_demographic,high,0.0004230865719230702,0.004135066692308192,-0.008390599450256591,0.009236772594102733,0.9198605459532292,0.0006051112119733086,0.00018202464005023837,False
exposure_cov_hybrid,fixed_groups,13.0,Cantabria,medium,0,poverty,166030,16,head_age_group;head_sex;head_education_group;n_adults_group;n_children_group,preferred_demographic,medium,-0.0014510842581910023,0.011383841819254456,-0.025715168730565285,0.022813000214183282,0.9002625430891871,-0.0014151131862935368,3.5971071897465505e-05,False
exposure_cov_hybrid,fixed_groups,13.0,Cantabria,medium,0,poverty,166030,16,head_age_group;head_sex;head_education_group;n_adults_group;n_children_group,preferred_demographic,high,-0.00837712400121214,0.009610268717378046,-0.028860926891574906,0.012106678889150626,0.397118336446993,-0.008396221042215922,1.9097041003782872e-05,False
exposure_cov_hybrid,fixed_groups,13.0,Cantabria,medium,0,matdep,166030,16,head_age_group;head_sex;head_education_group;n_adults_group;n_children_group,preferred_demographic,medium,0.0038098006423295462,0.0037977155105251488,-0.004284838356744595,0.011904439641403686,0.33168243763157723,0.007068201264849717,0.003258400622520171,False
exposure_cov_hybrid,fixed_groups,13.0,Cantabria,medium,0,matdep,166030,16,head_age_group;head_sex;head_education_group;n_adults_group;n_children_group,preferred_demographic,high,0.008290018898880596,0.005437375220136731,-0.0032994720431178265,0.01987950984087902,0.14815445219665802,0.008304632838594912,1.4613939714315169e-05,False
exposure_cov_hybrid,fixed_groups,13.0,Cantabria,medium,0,poverty_gap,166030,16,head_age_group;head_sex;head_education_group;n_adults_group;n_children_group,preferred_demographic,medium,-0.0008696533116879293,0.006347949933910884,-0.014399988313558492,0.012660681690182635,0.8928546747187451,-3.539762763076416e-05,0.0008342556840571652,False
exposure_cov_hybrid,fixed_groups,13.0,Cantabria,medium,0,poverty_gap,166030,16,head_age_group;head_sex;head_education_group;n_adults_group;n_children_group,preferred_demographic,high,-0.0017062090186538612,0.005335291639580074,-0.013078113959265681,0.009665695921957958,0.7535333492178771,-0.0017073649105611248,1.1558919072636193e-06,False
exposure_cov_hybrid,fixed_groups,13.0,Cantabria,medium,0,poverty_gap_sq,166030,16,head_age_group;head_sex;head_education_group;n_adults_group;n_children_group,preferred_demographic,medium,0.0007361077376315153,0.004493393261518807,-0.008841333287654105,0.010313548762917134,0.8720597679057422,0.0012880830765384858,0.0005519753389069705,False
exposure_cov_hybrid,fixed_groups,13.0,Cantabria,medium,0,poverty_gap_sq,166030,16,head_age_group;head_sex;head_education_group;n_adults_group;n_children_group,preferred_demographic,high,0.000602183277555234,0.004056263943977244,-0.008043538662505567,0.009247905217616034,0.8839590134615913,0.0006051112119733086,2.927934418074608e-06,False
exposure_cov_hybrid,reranked_groups,13.0,Cantabria,medium,1,poverty,166030,16,head_age_group;head_sex;head_education_group;n_adults_group;n_children_group,preferred_demographic,medium,-0.005159367170161203,0.011133331737764764,-0.02888950204318614,0.018570767702863734,0.6497188705761197,-0.0014151131862935368,0.0037442539838676656,False
exposure_cov_hybrid,reranked_groups,13.0,Cantabria,medium,1,poverty,166030,16,head_age_group;head_sex;head_education_group;n_adults_group;n_children_group,preferred_demographic,high,-0.007052733312385059,0.009718389051688136,-0.02776698924017884,0.013661522615408721,0.4791871306526412,-0.008396221042215922,0.0013434877298308633,False
exposure_cov_hybrid,reranked_groups,13.0,Cantabria,medium,1,matdep,166030,16,head_age_group;head_sex;head_education_group;n_adults_group;n_children_group,preferred_demographic,medium,0.002162664804541113,0.004068410664725402,-0.006508947257938392,0.010834276867020617,0.6028045173597145,0.007068201264849717,0.004905536460308604,False
exposure_cov_hybrid,reranked_groups,13.0,Cantabria,medium,1,matdep,166030,16,head_age_group;head_sex;head_education_group;n_adults_group;n_children_group,preferred_demographic,high,0.00953146807752542,0.005755355883823752,-0.0027357826055854993,0.02179871876063634,0.11846513594324493,0.008304632838594912,0.001226835238930508,False
exposure_cov_hybrid,reranked_groups,13.0,Cantabria,medium,1,poverty_gap,166030,16,head_age_group;head_sex;head_education_group;n_adults_group;n_children_group,preferred_demographic,medium,-0.0012384378248465097,0.005945960077856243,-0.01391195173070977,0.011435076081016751,0.8378103365712621,-3.539762763076416e-05,0.0012030401972157455,False
exposure_cov_hybrid,reranked_groups,13.0,Cantabria,medium,1,poverty_gap,166030,16,head_age_group;head_sex;head_education_group;n_adults_group;n_children_group,preferred_demographic,high,-0.0015872728502835198,0.005418373580408094,-0.013136262755917448,0.009961717055350408,0.7735795615453327,-0.0017073649105611248,0.00012009206027760498,False
exposure_cov_hybrid,reranked_groups,13.0,Cantabria,medium,1,poverty_gap_sq,166030,16,head_age_group;head_sex;head_education_group;n_adults_group;n_children_group,preferred_demographic,medium,0.0010845037473669792,0.004257092117771257,-0.00798927331246267,0.01015828080719663,0.8023740601117368,0.0012880830765384858,0.00020357932917150663,False
exposure_cov_hybrid,reranked_groups,13.0,Cantabria,medium,1,poverty_gap_sq,166030,16,head_age_group;head_sex;head_education_group;n_adults_group;n_children_group,preferred_demographic,high,0.0004099331430995139,0.004131547119454794,-0.008396251087121208,0.009216117373320237,0.9222772655446163,0.0006051112119733086,0.00019517806887379464,False
exposure_cov_hybrid,fixed_groups,21.0,País Vasco,low,0,poverty,162734,16,head_age_group;head_sex;head_education_group;n_adults_group;n_children_group,preferred_demographic,medium,-0.0005332997321916066,0.012109407472636013,-0.02634389078673979,0.025277291322356576,0.965453352768072,-0.0014151131862935368,0.0008818134541019302,False
exposure_cov_hybrid,fixed_groups,21.0,País Vasco,low,0,poverty,162734,16,head_age_group;head_sex;head_education_group;n_adults_group;n_children_group,preferred_demographic,high,-0.007530103254778064,0.011140469993053358,-0.03127545295879396,0.016215246449237837,0.5093771780926342,-0.008396221042215922,0.0008661177874378584,False
exposure_cov_hybrid,fixed_groups,21.0,País Vasco,low,0,matdep,162734,16,head_age_group;head_sex;head_education_group;n_adults_group;n_children_group,preferred_demographic,medium,0.003340170023195703,0.004002885650661796,-0.00519177877783513,0.011872118824226535,0.4171245909419219,0.007068201264849717,0.003728031241654014,False
exposure_cov_hybrid,fixed_groups,21.0,País Vasco,low,0,matdep,162734,16,head_age_group;head_sex;head_education_group;n_adults_group;n_children_group,preferred_demographic,high,0.004546678495412946,0.004525081423274315,-0.0050983042478460775,0.014191661238671969,0.33094063102993654,0.008304632838594912,0.0037579543431819655,False
exposure_cov_hybrid,fixed_groups,21.0,País Vasco,low,0,poverty_gap,162734,16,head_age_group;head_sex;head_education_group;n_adults_group;n_children_group,preferred_demographic,medium,-0.0008973661410187243,0.007192252455806361,-0.016227289369498375,0.014432557087460926,0.9023636121886565,-3.539762763076416e-05,0.0008619685133879601,False
exposure_cov_hybrid,fixed_groups,21.0,País Vasco,low,0,poverty_gap,162734,16,head_age_group;head_sex;head_education_group;n_adults_group;n_children_group,preferred_demographic,high,-0.0025660936388491526,0.006576241391155163,-0.016583020363518212,0.011450833085819909,0.7018688909643864,-0.0017073649105611248,0.0008587287282880278,False
exposure_cov_hybrid,fixed_groups,21.0,País Vasco,low,0,poverty_gap_sq,162734,16,head_age_group;head_sex;head_education_group;n_adults_group;n_children_group,preferred_demographic,medium,9.699714969790115e-05,0.0051959338335601,-0.010977873658602439,0.011171867957998242,0.9853520918273175,0.0012880830765384858,0.0011910859268405847,False
exposure_cov_hybrid,fixed_groups,21.0,País Vasco,low,0,poverty_gap_sq,162734,16,head_age_group;head_sex;head_education_group;n_adults_group;n_children_group,preferred_demographic,high,-0.0005834298488720495,0.004962789081245329,-0.011161364380801423,0.009994504683057326,0.9079753306961695,0.0006051112119733086,0.001188541060845358,True
exposure_cov_hybrid,reranked_groups,21.0,País Vasco,low,2,poverty,162734,16,head_age_group;head_sex;head_education_group;n_adults_group;n_children_group,preferred_demographic,medium,-0.005865143440630549,0.011463905598099622,-0.030299879818040158,0.01856959293677906,0.6163669269652481,-0.0014151131862935368,0.004450030254337012,False
exposure_cov_hybrid,reranked_groups,21.0,País Vasco,low,2,poverty,162734,16,head_age_group;head_sex;head_education_group;n_adults_group;n_children_group,preferred_demographic,high,-0.006888573323194226,0.01007111103871283,-0.028354638369940732,0.014577491723552279,0.5044099721326436,-0.008396221042215922,0.0015076477190216963,False
exposure_cov_hybrid,reranked_groups,21.0,País Vasco,low,2,matdep,162734,16,head_age_group;head_sex;head_education_group;n_adults_group;n_children_group,preferred_demographic,medium,0.00178919670532446,0.004256866929159109,-0.007284100376340162,0.010862493786989082,0.6802193141296446,0.007068201264849717,0.005279004559525257,False
exposure_cov_hybrid,reranked_groups,21.0,País Vasco,low,2,matdep,162734,16,head_age_group;head_sex;head_education_group;n_adults_group;n_children_group,preferred_demographic,high,0.005877632746014345,0.004767187781107348,-0.0042833874836250285,0.016038652975653718,0.23657411943162243,0.008304632838594912,0.002427000092580567,False
exposure_cov_hybrid,reranked_groups,21.0,País Vasco,low,2,poverty_gap,162734,16,head_age_group;head_sex;head_education_group;n_adults_group;n_children_group,preferred_demographic,medium,-0.0018054207437327328,0.006407222730807292,-0.0154620927216122,0.011851251234146737,0.7819633138779651,-3.539762763076416e-05,0.0017700231161019687,False
exposure_cov_hybrid,reranked_groups,21.0,País Vasco,low,2,poverty_gap,162734,16,head_age_group;head_sex;head_education_group;n_adults_group;n_children_group,preferred_demographic,high,-0.002558077246814717,0.005821712171103513,-0.014966763008293115,0.009850608514663682,0.6666338546534971,-0.0017073649105611248,0.000850712336253592,False
exposure_cov_hybrid,reranked_groups,21.0,País Vasco,low,2,poverty_gap_sq,162734,16,head_age_group;head_sex;head_education_group;n_adults_group;n_children_group,preferred_demographic,medium,-0.0001107675605005773,0.004629361203916773,-0.00997801739482104,0.009756482273819884,0.98122610100847,0.0012880830765384858,0.001398850637039063,True
exposure_cov_hybrid,reranked_groups,21.0,País Vasco,low,2,poverty_gap_sq,162734,16,head_age_group;head_sex;head_education_group;n_adults_group;n_children_group,preferred_demographic,high,-0.0010082643792859967,0.004461628341260899,-0.010518000079723158,0.008501471321151165,0.8242628867948034,0.0006051112119733086,0.0016133755912593052,True
exposure_cov_hybrid,fixed_groups,22.0,Comunidad Foral de Navarra,low,0,poverty,166494,16,head_age_group;head_sex;head_education_group;n_adults_group;n_children_group,preferred_demographic,medium,0.0025910563076743495,0.009888330382287772,-0.018485420991997847,0.023667533607346546,0.796861201916224,-0.0014151131862935368,0.004006169493967886,True
exposure_cov_hybrid,fixed_groups,22.0,Comunidad Foral de Navarra,low,0,poverty,166494,16,head_age_group;head_sex;head_education_group;n_adults_group;n_children_group,preferred_demographic,high,-0.004381331481939787,0.008714245067442008,-0.02295530517083557,0.014192642206955998,0.6224215455141366,-0.008396221042215922,0.004014889560276135,False
exposure_cov_hybrid,fixed_groups,22.0,Comunidad Foral de Navarra,low,0,matdep,166494,16,head_age_group;head_sex;head_education_group;n_adults_group;n_children_group,preferred_demographic,medium,0.007521431044166805,0.00523956348426444,-0.0036464341633002323,0.018689296251633843,0.1716669298395217,0.007068201264849717,0.00045322977931708773,False
exposure_cov_hybrid,fixed_groups,22.0,Comunidad Foral de Navarra,low,0,matdep,166494,16,head_age_group;head_sex;head_education_group;n_adults_group;n_children_group,preferred_demographic,high,0.008749423098885198,0.00567794785019413,-0.0033528362661231874,0.020851682463893583,0.14415809997910078,0.008304632838594912,0.0004447902602902863,False
exposure_cov_hybrid,fixed_groups,22.0,Comunidad Foral de Navarra,low,0,poverty_gap,166494,16,head_age_group;head_sex;head_education_group;n_adults_group;n_children_group,preferred_demographic,medium,0.0025417698188655823,0.005341328886277222,-0.008843003208475307,0.013926542846206471,0.6410245901770151,-3.539762763076416e-05,0.0025771674464963464,True
exposure_cov_hybrid,fixed_groups,22.0,Comunidad Foral de Navarra,low,0,poverty_gap,166494,16,head_age_group;head_sex;head_education_group;n_adults_group;n_children_group,preferred_demographic,high,0.000877359079854408,0.004506665594300559,-0.008728371253107397,0.010483089412816211,0.8482554656411803,-0.0017073649105611248,0.0025847239904155327,True
exposure_cov_hybrid,fixed_groups,22.0,Comunidad Foral de Navarra,low,0,poverty_gap_sq,166494,16,head_age_group;head_sex;head_education_group;n_adults_group;n_children_group,preferred_demographic,medium,0.003093164512549377,0.003858756367468598,-0.0051315799933174585,0.011317909018416212,0.43530184885702905,0.0012880830765384858,0.001805081436010891,False
exposure_cov_hybrid,fixed_groups,22.0,Comunidad Foral de Navarra,low,0,poverty_gap_sq,166494,16,head_age_group;head_sex;head_education_group;n_adults_group;n_children_group,preferred_demographic,high,0.0024164433142170724,0.0035615796740437688,-0.005174884063498453,0.010007770691932597,0.5078034430812002,0.0006051112119733086,0.001811332102243764,False
exposure_cov_hybrid,reranked_groups,22.0,Comunidad Foral de Navarra,low,2,poverty,166494,16,head_age_group;head_sex;head_education_group;n_adults_group;n_children_group,preferred_demographic,medium,-0.0031282140614121196,0.009912217659395976,-0.024255605887021258,0.01799917776419702,0.7566606944129992,-0.0014151131862935368,0.0017131008751185828,False
exposure_cov_hybrid,reranked_groups,22.0,Comunidad Foral de Navarra,low,2,poverty,166494,16,head_age_group;head_sex;head_education_group;n_adults_group;n_children_group,preferred_demographic,high,-0.004098876863094245,0.008271482084448266,-0.02172912359309733,0.01353136986690884,0.6273977651336007,-0.008396221042215922,0.004297344179121677,False
exposure_cov_hybrid,reranked_groups,22.0,Comunidad Foral de Navarra,low,2,matdep,166494,16,head_age_group;head_sex;head_education_group;n_adults_group;n_children_group,preferred_demographic,medium,0.005396165868174836,0.005212424568183937,-0.005713854108945427,0.0165061858452951,0.3169544792030301,0.007068201264849717,0.001672035396674881,False
exposure_cov_hybrid,reranked_groups,22.0,Comunidad Foral de Navarra,low,2,matdep,166494,16,head_age_group;head_sex;head_education_group;n_adults_group;n_children_group,preferred_demographic,high,0.009502954252052786,0.005661641364473885,-0.0025645486613775064,0.02157045716548308,0.11395888957538824,0.008304632838594912,0.0011983214134578743,False
exposure_cov_hybrid,reranked_groups,22.0,Comunidad Foral de Navarra,low,2,poverty_gap,166494,16,head_age_group;head_sex;head_education_group;n_adults_group;n_children_group,preferred_demographic,medium,0.0011851372539612357,0.005053204998078939,-0.009585514242814508,0.011955788750736978,0.8177434079558679,-3.539762763076416e-05,0.0012205348815919998,True
exposure_cov_hybrid,reranked_groups,22.0,Comunidad Foral de Navarra,low,2,poverty_gap,166494,16,head_age_group;head_sex;head_education_group;n_adults_group;n_children_group,preferred_demographic,high,0.00042854670056848894,0.004308658398483845,-0.008755141284852214,0.009612234685989192,0.9220887551000614,-0.0017073649105611248,0.002135911611129614,True
exposure_cov_hybrid,reranked_groups,22.0,Comunidad Foral de Navarra,low,2,poverty_gap_sq,166494,16,head_age_group;head_sex;head_education_group;n_adults_group;n_children_group,preferred_demographic,medium,0.0025133651141545344,0.003671066575688856,-0.005311328070317161,0.01033805829862623,0.504012178005,0.0012880830765384858,0.0012252820376160486,False
exposure_cov_hybrid,reranked_groups,22.0,Comunidad Foral de Navarra,low,2,poverty_gap_sq,166494,16,head_age_group;head_sex;head_education_group;n_adults_group;n_children_group,preferred_demographic,high,0.0016075708012178989,0.0034728236463361585,-0.005794577581574551,0.009009719184010348,0.6500803459844007,0.0006051112119733086,0.0010024595892445904,False
exposure_cov_hybrid,fixed_groups,23.0,La Rioja,low,0,poverty,166634,16,head_age_group;head_sex;head_education_group;n_adults_group;n_children_group,preferred_demographic,medium,0.0024324468755941874,0.010013594425122185,-0.0189110244112524,0.023775918162440776,0.8113620532941095,-0.0014151131862935368,0.003847560061887724,True
exposure_cov_hybrid,fixed_groups,23.0,La Rioja,low,0,poverty,166634,16,head_age_group;head_sex;head_education_group;n_adults_group;n_children_group,preferred_demographic,high,-0.004561562178305684,0.008856581931353356,-0.023438919711101718,0.01431579535449035,0.6140257994134735,-0.008396221042215922,0.003834658863910238,False
exposure_cov_hybrid,fixed_groups,23.0,La Rioja,low,0,matdep,166634,16,head_age_group;head_sex;head_education_group;n_adults_group;n_children_group,preferred_demographic,medium,0.006738915665888887,0.0052762673121603985,-0.004507181898867294,0.017985013230645067,0.2209435739730503,0.007068201264849717,0.00032928559896083006,False
exposure_cov_hybrid,fixed_groups,23.0,La Rioja,low,0,matdep,166634,16,head_age_group;head_sex;head_education_group;n_adults_group;n_children_group,preferred_demographic,high,0.007993305316345014,0.005710725788541115,-0.004178818570457439,0.020165429203147466,0.18194410946704975,0.008304632838594912,0.00031132752224989797,False
exposure_cov_hybrid,fixed_groups,23.0,La Rioja,low,0,poverty_gap,166634,16,head_age_group;head_sex;head_education_group;n_adults_group;n_children_group,preferred_demographic,medium,0.0006831343601340993,0.006312019104388228,-0.012770615891478813,0.014136884611747013,0.9152496322827715,-3.539762763076416e-05,0.0007185319877648634,True
exposure_cov_hybrid,fixed_groups,23.0,La Rioja,low,0,poverty_gap,166634,16,head_age_group;head_sex;head_education_group;n_adults_group;n_children_group,preferred_demographic,high,-0.000992778243963813,0.005616415342768262,-0.012963884173982178,0.010978327686054553,0.8620585944611008,-0.0017073649105611248,0.0007145866665973118,False
exposure_cov_hybrid,fixed_groups,23.0,La Rioja,low,0,poverty_gap_sq,166634,16,head_age_group;head_sex;head_education_group;n_adults_group;n_children_group,preferred_demographic,medium,0.001461844925538918,0.004623062520495585,-0.008391979582865828,0.011315669433943664,0.7562028111063155,0.0012880830765384858,0.00017376184900043216,False
exposure_cov_hybrid,fixed_groups,23.0,La Rioja,low,0,poverty_gap_sq,166634,16,head_age_group;head_sex;head_education_group;n_adults_group;n_children_group,preferred_demographic,high,0.0007770864339038502,0.00437150320847212,-0.008540552093207154,0.010094724961014854,0.8612883388829522,0.0006051112119733086,0.00017197522193054164,False
exposure_cov_hybrid,reranked_groups,23.0,La Rioja,low,2,poverty,166634,16,head_age_group;head_sex;head_education_group;n_adults_group;n_children_group,preferred_demographic,medium,-0.0032716520271366505,0.010011074584085788,-0.024609752399951328,0.018066448345678027,0.7483324034444516,-0.0014151131862935368,0.0018565388408431137,False
exposure_cov_hybrid,reranked_groups,23.0,La Rioja,low,2,poverty,166634,16,head_age_group;head_sex;head_education_group;n_adults_group;n_children_group,preferred_demographic,high,-0.004264351531464973,0.008386396452289465,-0.02213953243858147,0.013610829375651525,0.6185100628833076,-0.008396221042215922,0.004131869510750949,False
exposure_cov_hybrid,reranked_groups,23.0,La Rioja,low,2,matdep,166634,16,head_age_group;head_sex;head_education_group;n_adults_group;n_children_group,preferred_demographic,medium,0.004721494517947919,0.005238942620119695,-0.006445047348919947,0.015888036384815785,0.38170856108364015,0.007068201264849717,0.0023467067469017987,False
exposure_cov_hybrid,reranked_groups,23.0,La Rioja,low,2,matdep,166634,16,head_age_group;head_sex;head_education_group;n_adults_group;n_children_group,preferred_demographic,high,0.008860522071640464,0.005683570929060539,-0.003253722602262376,0.020974766745543303,0.1398488625954486,0.008304632838594912,0.000555889233045552,False
exposure_cov_hybrid,reranked_groups,23.0,La Rioja,low,2,poverty_gap,166634,16,head_age_group;head_sex;head_education_group;n_adults_group;n_children_group,preferred_demographic,medium,-0.00043090459147957134,0.005793775181526887,-0.012780044069220564,0.011918234886261422,0.9416958081925073,-3.539762763076416e-05,0.0003955069638488072,False
exposure_cov_hybrid,reranked_groups,23.0,La Rioja,low,2,poverty_gap,166634,16,head_age_group;head_sex;head_education_group;n_adults_group;n_children_group,preferred_demographic,high,-0.0011925313863510873,0.00515078623720967,-0.012171172370927187,0.009786109598225014,0.820036278879051,-0.0017073649105611248,0.0005148335242100375,False
exposure_cov_hybrid,reranked_groups,23.0,La Rioja,low,2,poverty_gap_sq,166634,16,head_age_group;head_sex;head_education_group;n_adults_group;n_children_group,preferred_demographic,medium,0.0010937504342747144,0.004246157281217935,-0.007956719573152587,0.010144220441702016,0.8002267479308265,0.0012880830765384858,0.00019433264226377143,False
exposure_cov_hybrid,reranked_groups,23.0,La Rioja,low,2,poverty_gap_sq,166634,16,head_age_group;head_sex;head_education_group;n_adults_group;n_children_group,preferred_demographic,high,0.0001873144407972669,0.004069483921758535,-0.008486585214897778,0.008861214096492313,0.963894319893869,0.0006051112119733086,0.00041779677117604165,False
exposure_cov_hybrid,fixed_groups,24.0,Aragón,low,0,poverty,164287,16,head_age_group;head_sex;head_education_group;n_adults_group;n_children_group,preferred_demographic,medium,-0.003873712808803941,0.011931467385391734,-0.02930503354525844,0.021557607927650557,0.749919388492851,-0.0014151131862935368,0.002458599622510404,False
exposure_cov_hybrid,fixed_groups,24.0,Aragón,low,0,poverty,164287,16,head_age_group;head_sex;head_education_group;n_adults_group;n_children_group,preferred_demographic,high,-0.010828011920702839,0.010929012229712973,-0.03412265007114179,0.01246662622973611,0.337517460202049,-0.008396221042215922,0.0024317908784869165,False
exposure_cov_hybrid,fixed_groups,24.0,Aragón,low,0,matdep,164287,16,head_age_group;head_sex;head_education_group;n_adults_group;n_children_group,preferred_demographic,medium,0.008789360149062456,0.00502945684039756,-0.00193067334781543,0.019509393645940343,0.10097119069375649,0.007068201264849717,0.001721158884212739,False
exposure_cov_hybrid,fixed_groups,24.0,Aragón,low,0,matdep,164287,16,head_age_group;head_sex;head_education_group;n_adults_group;n_children_group,preferred_demographic,high,0.010033976151626883,0.005488175153663698,-0.0016637922856020584,0.021731744588855822,0.08746085326385167,0.008304632838594912,0.0017293433130319714,False
exposure_cov_hybrid,fixed_groups,24.0,Aragón,low,0,poverty_gap,164287,16,head_age_group;head_sex;head_education_group;n_adults_group;n_children_group,preferred_demographic,medium,0.00033625065707183354,0.006621234322310003,-0.013776576230260611,0.01444907754440428,0.9601679859411474,-3.539762763076416e-05,0.0003716482847025977,True
exposure_cov_hybrid,fixed_groups,24.0,Aragón,low,0,poverty_gap,164287,16,head_age_group;head_sex;head_education_group;n_adults_group;n_children_group,preferred_demographic,high,-0.0013163818086159354,0.0059500166793539115,-0.013998542155897917,0.011365778538666048,0.8278890408296613,-0.0017073649105611248,0.0003909831019451894,False
exposure_cov_hybrid,fixed_groups,24.0,Aragón,low,0,poverty_gap_sq,164287,16,head_age_group;head_sex;head_education_group;n_adults_group;n_children_group,preferred_demographic,medium,0.0019339635853963977,0.0046350094342894966,-0.007945325166985224,0.01181325233777802,0.6824051994499727,0.0012880830765384858,0.0006458805088579119,False
exposure_cov_hybrid,fixed_groups,24.0,Aragón,low,0,poverty_gap_sq,164287,16,head_age_group;head_sex;head_education_group;n_adults_group;n_children_group,preferred_demographic,high,0.0012696323205731907,0.0043783177328945225,-0.008062531021521147,0.01060179566266753,0.7758003677253087,0.0006051112119733086,0.0006645211085998822,False
exposure_cov_hybrid,reranked_groups,24.0,Aragón,low,2,poverty,164287,16,head_age_group;head_sex;head_education_group;n_adults_group;n_children_group,preferred_demographic,medium,-0.008731607849280317,0.011295738028701903,-0.032807903537319265,0.015344687838758633,0.451532129548039,-0.0014151131862935368,0.00731649466298678,False
exposure_cov_hybrid,reranked_groups,24.0,Aragón,low,2,poverty,164287,16,head_age_group;head_sex;head_education_group;n_adults_group;n_children_group,preferred_demographic,high,-0.00967016510527561,0.009865795918778314,-0.03069861133294114,0.011358281122389917,0.34254727578719235,-0.008396221042215922,0.0012739440630596885,False
exposure_cov_hybrid,reranked_groups,24.0,Aragón,low,2,matdep,164287,16,head_age_group;head_sex;head_education_group;n_adults_group;n_children_group,preferred_demographic,medium,0.006458756198413403,0.005064576586244835,-0.004336133264790832,0.01725364566161764,0.22160820940139003,0.007068201264849717,0.000609445066436314,False
exposure_cov_hybrid,reranked_groups,24.0,Aragón,low,2,matdep,164287,16,head_age_group;head_sex;head_education_group;n_adults_group;n_children_group,preferred_demographic,high,0.010597448173278552,0.005524953446403367,-0.001178711339296824,0.022373607685853926,0.07433713446594248,0.008304632838594912,0.0022928153346836403,False
exposure_cov_hybrid,reranked_groups,24.0,Aragón,low,2,poverty_gap,164287,16,head_age_group;head_sex;head_education_group;n_adults_group;n_children_group,preferred_demographic,medium,-0.0007378287853674908,0.006017840752050884,-0.013564552721577448,0.012088895150842466,0.904046013895011,-3.539762763076416e-05,0.0007024311577367267,False
exposure_cov_hybrid,reranked_groups,24.0,Aragón,low,2,poverty_gap,164287,16,head_age_group;head_sex;head_education_group;n_adults_group;n_children_group,preferred_demographic,high,-0.0014733788468777246,0.005390545259039273,-0.012963054089576388,0.010016296395820938,0.7883297024270219,-0.0017073649105611248,0.00023398606368340018,False
exposure_cov_hybrid,reranked_groups,24.0,Aragón,low,2,poverty_gap_sq,164287,16,head_age_group;head_sex;head_education_group;n_adults_group;n_children_group,preferred_demographic,medium,0.0014882843634080132,0.004261663077301915,-0.00759523546603603,0.010571804192852056,0.7317736689883576,0.0012880830765384858,0.00020020128686952738,False
exposure_cov_hybrid,reranked_groups,24.0,Aragón,low,2,poverty_gap_sq,164287,16,head_age_group;head_sex;head_education_group;n_adults_group;n_children_group,preferred_demographic,high,0.0006021644115239592,0.004079384693252198,-0.008092838239071944,0.009297167062119863,0.8846151968326623,0.0006051112119733086,2.9468004493493627e-06,False
exposure_cov_hybrid,fixed_groups,30.0,Comunidad de Madrid,low,0,poverty,154296,16,head_age_group;head_sex;head_education_group;n_adults_group;n_children_group,preferred_demographic,medium,-0.01040453174801414,0.010728164029355754,-0.0332710720930752,0.012462008597046917,0.34750892963174906,-0.0014151131862935368,0.008989418561720603,False
exposure_cov_hybrid,fixed_groups,30.0,Comunidad de Madrid,low,0,poverty,154296,16,head_age_group;head_sex;head_education_group;n_adults_group;n_children_group,preferred_demographic,high,-0.01725332555397895,0.009688847178546105,-0.037904614469689166,0.0033979633617312634,0.09521194266615196,-0.008396221042215922,0.008857104511763027,False
exposure_cov_hybrid,fixed_groups,30.0,Comunidad de Madrid,low,0,matdep,154296,16,head_age_group;head_sex;head_education_group;n_adults_group;n_children_group,preferred_demographic,medium,0.0075627973019038374,0.006466521929154472,-0.006220267925344788,0.02134586252915246,0.26043879083408417,0.007068201264849717,0.0004945960370541201,False
exposure_cov_hybrid,fixed_groups,30.0,Comunidad de Madrid,low,0,matdep,154296,16,head_age_group;head_sex;head_education_group;n_adults_group;n_children_group,preferred_demographic,high,0.00885405834103831,0.006841127545382559,-0.005727459856683811,0.02343557653876043,0.21515437923746994,0.008304632838594912,0.0005494255024433986,False
exposure_cov_hybrid,fixed_groups,30.0,Comunidad de Madrid,low,0,poverty_gap,154296,16,head_age_group;head_sex;head_education_group;n_adults_group;n_children_group,preferred_demographic,medium,-0.0058516713597286186,0.005581680833442735,-0.01774874243562985,0.006045399716172612,0.31106699679997485,-3.539762763076416e-05,0.005816273732097854,False
exposure_cov_hybrid,fixed_groups,30.0,Comunidad de Madrid,low,0,poverty_gap,154296,16,head_age_group;head_sex;head_education_group;n_adults_group;n_children_group,preferred_demographic,high,-0.007461255449672755,0.00480189399880448,-0.01769625023125078,0.002773739331905269,0.1410703335165815,-0.0017073649105611248,0.00575389053911163,False
exposure_cov_hybrid,fixed_groups,30.0,Comunidad de Madrid,low,0,poverty_gap_sq,154296,16,head_age_group;head_sex;head_education_group;n_adults_group;n_children_group,preferred_demographic,medium,-0.002743919078273402,0.004363417633720248,-0.012044323610753938,0.006556485454207133,0.5389087880453709,0.0012880830765384858,0.004032002154811888,True
exposure_cov_hybrid,fixed_groups,30.0,Comunidad de Madrid,low,0,poverty_gap_sq,154296,16,head_age_group;head_sex;head_education_group;n_adults_group;n_children_group,preferred_demographic,high,-0.0033812516526782904,0.004113140456641922,-0.012148203009811244,0.005385699704454664,0.42391739794921524,0.0006051112119733086,0.003986362864651599,True
exposure_cov_hybrid,reranked_groups,30.0,Comunidad de Madrid,low,2,poverty,154296,16,head_age_group;head_sex;head_education_group;n_adults_group;n_children_group,preferred_demographic,medium,-0.014072018037499872,0.010169238478884485,-0.035747236772007196,0.007603200697007451,0.1866716746416901,-0.0014151131862935368,0.012656904851206335,False
exposure_cov_hybrid,reranked_groups,30.0,Comunidad de Madrid,low,2,poverty,154296,16,head_age_group;head_sex;head_education_group;n_adults_group;n_children_group,preferred_demographic,high,-0.014940733379081085,0.008623439847210817,-0.033321160322580645,0.003439693564418476,0.10367577462426136,-0.008396221042215922,0.006544512336865163,False
exposure_cov_hybrid,reranked_groups,30.0,Comunidad de Madrid,low,2,matdep,154296,16,head_age_group;head_sex;head_education_group;n_adults_group;n_children_group,preferred_demographic,medium,0.005279541631111683,0.006024364624952143,-0.007561087611028952,0.01812017087325232,0.39465008828998904,0.007068201264849717,0.001788659633738034,False
exposure_cov_hybrid,reranked_groups,30.0,Comunidad de Madrid,low,2,matdep,154296,16,head_age_group;head_sex;head_education_group;n_adults_group;n_children_group,preferred_demographic,high,0.009477623798887568,0.006423574820248233,-0.004213901832599747,0.02316914943037488,0.16077425248626054,0.008304632838594912,0.0011729909602926566,False
exposure_cov_hybrid,reranked_groups,30.0,Comunidad de Madrid,low,2,poverty_gap,154296,16,head_age_group;head_sex;head_education_group;n_adults_group;n_children_group,preferred_demographic,medium,-0.005881527350556571,0.005014801119781418,-0.01657032291838733,0.0048072682172741864,0.25915183446007406,-3.539762763076416e-05,0.005846129722925806,False
exposure_cov_hybrid,reranked_groups,30.0,Comunidad de Madrid,low,2,poverty_gap,154296,16,head_age_group;head_sex;head_education_group;n_adults_group;n_children_group,preferred_demographic,high,-0.006581950785788248,0.004284252884439652,-0.015713619649390304,0.0025497180778138086,0.14528447087721275,-0.0017073649105611248,0.004874585875227123,False
exposure_cov_hybrid,reranked_groups,30.0,Comunidad de Madrid,low,2,poverty_gap_sq,154296,16,head_age_group;head_sex;head_education_group;n_adults_group;n_children_group,preferred_demographic,medium,-0.0024740618561791493,0.003816680270983487,-0.010609123285313866,0.0056609995729555666,0.52663959948526,0.0012880830765384858,0.003762144932717635,True
exposure_cov_hybrid,reranked_groups,30.0,Comunidad de Madrid,low,2,poverty_gap_sq,154296,16,head_age_group;head_sex;head_education_group;n_adults_group;n_children_group,preferred_demographic,high,-0.0033378911319090748,0.0036398273114754184,-0.011095999400869416,0.004420217137051267,0.37362782345661083,0.0006051112119733086,0.003943002343882384,True
exposure_cov_hybrid,fixed_groups,41.0,Castilla y León,medium,0,poverty,160917,16,head_age_group;head_sex;head_education_group;n_adults_group;n_children_group,preferred_demographic,medium,-0.007952818109344327,0.009381742561528442,-0.027949529028672933,0.01204389280998428,0.40993286451746247,-0.0014151131862935368,0.00653770492305079,False
exposure_cov_hybrid,fixed_groups,41.0,Castilla y León,medium,0,poverty,160917,16,head_age_group;head_sex;head_education_group;n_adults_group;n_children_group,preferred_demographic,high,-0.008409770501424815,0.009616573540135122,-0.028907011803387988,0.012087470800538357,0.3956281469209726,-0.008396221042215922,1.3549459208892986e-05,False
exposure_cov_hybrid,fixed_groups,41.0,Castilla y León,medium,0,matdep,160917,16,head_age_group;head_sex;head_education_group;n_adults_group;n_children_group,preferred_demographic,medium,0.00835264318444225,0.005701343985514649,-0.003799483862562911,0.02050477023144741,0.16355758228618855,0.007068201264849717,0.0012844419195925322,False
exposure_cov_hybrid,fixed_groups,41.0,Castilla y León,medium,0,matdep,160917,16,head_age_group;head_sex;head_education_group;n_adults_group;n_children_group,preferred_demographic,high,0.008294304142096906,0.005420049059614528,-0.0032582569629301707,0.019846865247123983,0.14675624951507094,0.008304632838594912,1.0328696498005524e-05,False
exposure_cov_hybrid,fixed_groups,41.0,Castilla y León,medium,0,poverty_gap,160917,16,head_age_group;head_sex;head_education_group;n_adults_group;n_children_group,preferred_demographic,medium,-0.003333712723677442,0.005571389751348485,-0.015208848877325562,0.008541423429970678,0.55852563393049,-3.539762763076416e-05,0.003298315096046678,False
exposure_cov_hybrid,fixed_groups,41.0,Castilla y León,medium,0,poverty_gap,160917,16,head_age_group;head_sex;head_education_group;n_adults_group;n_children_group,preferred_demographic,high,-0.0017168643997931778,0.005338135040314613,-0.013094829905608476,0.00966110110602212,0.752176895977245,-0.0017073649105611248,9.499489232052925e-06,False
exposure_cov_hybrid,fixed_groups,41.0,Castilla y León,medium,0,poverty_gap_sq,160917,16,head_age_group;head_sex;head_education_group;n_adults_group;n_children_group,preferred_demographic,medium,-0.0008308667854067356,0.004057710006122317,-0.009479670933969503,0.007817937363156032,0.8405102697965303,0.0012880830765384858,0.0021189498619452215,True
exposure_cov_hybrid,fixed_groups,41.0,Castilla y León,medium,0,poverty_gap_sq,160917,16,head_age_group;head_sex;head_education_group;n_adults_group;n_children_group,preferred_demographic,high,0.0005989117968029966,0.0040566296239313866,-0.008047589571629883,0.009245413165235875,0.8845948723946249,0.0006051112119733086,6.199415170312001e-06,False
exposure_cov_hybrid,reranked_groups,41.0,Castilla y León,medium,1,poverty,160917,16,head_age_group;head_sex;head_education_group;n_adults_group;n_children_group,preferred_demographic,medium,-0.010958749025248814,0.009343918066344973,-0.030874838941507585,0.008957340891009958,0.25915650573570637,-0.0014151131862935368,0.009543635838955277,False
exposure_cov_hybrid,reranked_groups,41.0,Castilla y León,medium,1,poverty,160917,16,head_age_group;head_sex;head_education_group;n_adults_group;n_children_group,preferred_demographic,high,-0.007078420133532888,0.009722827501899697,-0.027802136394013088,0.013645296126947312,0.4778125583430579,-0.008396221042215922,0.0013178009086830342,False
exposure_cov_hybrid,reranked_groups,41.0,Castilla y León,medium,1,matdep,160917,16,head_age_group;head_sex;head_education_group;n_adults_group;n_children_group,preferred_demographic,medium,0.00560254221288825,0.005576172165452742,-0.006282787415129069,0.01748787184090557,0.33096099107944155,0.007068201264849717,0.0014656590519614675,False
exposure_cov_hybrid,reranked_groups,41.0,Castilla y León,medium,1,matdep,160917,16,head_age_group;head_sex;head_education_group;n_adults_group;n_children_group,preferred_demographic,high,0.009543437448456335,0.0057343977246756645,-0.0026791419758626246,0.021766016872775296,0.11680833574101257,0.008304632838594912,0.0012388046098614231,False
exposure_cov_hybrid,reranked_groups,41.0,Castilla y León,medium,1,poverty_gap,160917,16,head_age_group;head_sex;head_education_group;n_adults_group;n_children_group,preferred_demographic,medium,-0.0032913969596880385,0.005337815060895224,-0.014668680445515291,0.008085886526139213,0.5467316100475563,-3.539762763076416e-05,0.0032559993320572743,False
exposure_cov_hybrid,reranked_groups,41.0,Castilla y León,medium,1,poverty_gap,160917,16,head_age_group;head_sex;head_education_group;n_adults_group;n_children_group,preferred_demographic,high,-0.0015964128837459978,0.005421001312664985,-0.01315100366810473,0.009958177900612732,0.7724222722836995,-0.0017073649105611248,0.00011095202681512704,False
exposure_cov_hybrid,reranked_groups,41.0,Castilla y León,medium,1,poverty_gap_sq,160917,16,head_age_group;head_sex;head_education_group;n_adults_group;n_children_group,preferred_demographic,medium,-0.00013877079019091265,0.003991109188078424,-0.008645618655400115,0.00836807707501829,0.9727216388319597,0.0012880830765384858,0.0014268538667293984,True
exposure_cov_hybrid,reranked_groups,41.0,Castilla y León,medium,1,poverty_gap_sq,160917,16,head_age_group;head_sex;head_education_group;n_adults_group;n_children_group,preferred_demographic,high,0.00040686383209471646,0.00413200331896181,-0.00840029276435792,0.009214020428547352,0.9228656796531016,0.0006051112119733086,0.0001982473798785921,False
exposure_cov_hybrid,fixed_groups,42.0,Castilla-La Mancha,medium,0,poverty,163624,16,head_age_group;head_sex;head_education_group;n_adults_group;n_children_group,preferred_demographic,medium,0.0008695473362887201,0.011556814017657704,-0.02376321864976664,0.02550231332234408,0.941017199017383,-0.0014151131862935368,0.002284660522582257,True
exposure_cov_hybrid,fixed_groups,42.0,Castilla-La Mancha,medium,0,poverty,163624,16,head_age_group;head_sex;head_education_group;n_adults_group;n_children_group,preferred_demographic,high,-0.008401714000771231,0.009606745096565669,-0.02887800647115473,0.012074578469612268,0.3955985955346155,-0.008396221042215922,5.492958555309083e-06,False
exposure_cov_hybrid,fixed_groups,42.0,Castilla-La Mancha,medium,0,matdep,163624,16,head_age_group;head_sex;head_education_group;n_adults_group;n_children_group,preferred_demographic,medium,0.008537336216600638,0.005424048132283781,-0.0030237487100499786,0.020098421143251256,0.1363443360367973,0.007068201264849717,0.0014691349517509207,False
exposure_cov_hybrid,fixed_groups,42.0,Castilla-La Mancha,medium,0,matdep,163624,16,head_age_group;head_sex;head_education_group;n_adults_group;n_children_group,preferred_demographic,high,0.008313171389312535,0.005423650919298785,-0.0032470668979017216,0.01987340967652679,0.14615190110028453,0.008304632838594912,8.538550717623189e-06,False
exposure_cov_hybrid,fixed_groups,42.0,Castilla-La Mancha,medium,0,poverty_gap,163624,16,head_age_group;head_sex;head_education_group;n_adults_group;n_children_group,preferred_demographic,medium,0.002085666290033479,0.006205100705120284,-0.011140192788047797,0.015311525368114753,0.7414352091827079,-3.539762763076416e-05,0.002121063917664243,True
exposure_cov_hybrid,fixed_groups,42.0,Castilla-La Mancha,medium,0,poverty_gap,163624,16,head_age_group;head_sex;head_education_group;n_adults_group;n_children_group,preferred_demographic,high,-0.0017010370343832934,0.0053372975941130725,-0.013077217565872887,0.0096751434971063,0.754342993687688,-0.0017073649105611248,6.327876177831442e-06,False
exposure_cov_hybrid,fixed_groups,42.0,Castilla-La Mancha,medium,0,poverty_gap_sq,163624,16,head_age_group;head_sex;head_education_group;n_adults_group;n_children_group,preferred_demographic,medium,0.0026854457143875754,0.004407316842217574,-0.00670852776609502,0.01207941919487017,0.5514335658363474,0.0012880830765384858,0.0013973626378490896,False
exposure_cov_hybrid,fixed_groups,42.0,Castilla-La Mancha,medium,0,poverty_gap_sq,163624,16,head_age_group;head_sex;head_education_group;n_adults_group;n_children_group,preferred_demographic,high,0.0006120512216418818,0.004058747847071443,-0.008038965032540264,0.00926306747582403,0.8821442513476976,0.0006051112119733086,6.940009668573218e-06,False
exposure_cov_hybrid,reranked_groups,42.0,Castilla-La Mancha,medium,1,poverty,163624,16,head_age_group;head_sex;head_education_group;n_adults_group;n_children_group,preferred_demographic,medium,-0.0035764981313586006,0.011419160173309432,-0.027915861893433282,0.02076286563071608,0.7584403213909505,-0.0014151131862935368,0.002161384945065064,False
exposure_cov_hybrid,reranked_groups,42.0,Castilla-La Mancha,medium,1,poverty,163624,16,head_age_group;head_sex;head_education_group;n_adults_group;n_children_group,preferred_demographic,high,-0.007049567323711905,0.00970884364718467,-0.027743477703414586,0.013644343055990778,0.47895650326204664,-0.008396221042215922,0.0013466537185040173,False
exposure_cov_hybrid,reranked_groups,42.0,Castilla-La Mancha,medium,1,matdep,163624,16,head_age_group;head_sex;head_education_group;n_adults_group;n_children_group,preferred_demographic,medium,0.005933436181331636,0.005344967996682323,-0.005459093426228448,0.01732596578889172,0.2844364609064134,0.007068201264849717,0.0011347650835180816,False
exposure_cov_hybrid,reranked_groups,42.0,Castilla-La Mancha,medium,1,matdep,163624,16,head_age_group;head_sex;head_education_group;n_adults_group;n_children_group,preferred_demographic,high,0.009555079724743079,0.005739572390814082,-0.002678529239365032,0.021788688688851192,0.11670156826528522,0.008304632838594912,0.0012504468861481675,False
exposure_cov_hybrid,reranked_groups,42.0,Castilla-La Mancha,medium,1,poverty_gap,163624,16,head_age_group;head_sex;head_education_group;n_adults_group;n_children_group,preferred_demographic,medium,0.0011574993126386558,0.00586246431468928,-0.011338047586766214,0.013653046212043525,0.846131930440958,-3.539762763076416e-05,0.00119289694026942,True
exposure_cov_hybrid,reranked_groups,42.0,Castilla-La Mancha,medium,1,poverty_gap,163624,16,head_age_group;head_sex;head_education_group;n_adults_group;n_children_group,preferred_demographic,high,-0.0015787857660507854,0.005419951761581816,-0.013131139485230255,0.009973567953128683,0.7748177782205037,-0.0017073649105611248,0.00012857914451033944,False
exposure_cov_hybrid,reranked_groups,42.0,Castilla-La Mancha,medium,1,poverty_gap_sq,163624,16,head_age_group;head_sex;head_education_group;n_adults_group;n_children_group,preferred_demographic,medium,0.002712831008185285,0.004169891084716926,-0.00617508144936837,0.011600743465738939,0.5251608272586994,0.0012880830765384858,0.0014247479316467993,False
exposure_cov_hybrid,reranked_groups,42.0,Castilla-La Mancha,medium,1,poverty_gap_sq,163624,16,head_age_group;head_sex;head_education_group;n_adults_group;n_children_group,preferred_demographic,high,0.0004195539175861502,0.004134057060648271,-0.00839198012565079,0.009231087960823092,0.9205078948330154,0.0006051112119733086,0.00018555729438715835,False
exposure_cov_hybrid,fixed_groups,43.0,Extremadura,high,0,poverty,164451,16,head_age_group;head_sex;head_education_group;n_adults_group;n_children_group,preferred_demographic,medium,-0.0014137264973668523,0.010714570096337545,-0.024251292060073877,0.02142383906534017,0.8967819156247407,-0.0014151131862935368,1.3866889266845022e-06,False
exposure_cov_hybrid,fixed_groups,43.0,Extremadura,high,0,poverty,164451,16,head_age_group;head_sex;head_education_group;n_adults_group;n_children_group,preferred_demographic,high,-0.007001912958680302,0.00971567037878342,-0.0277103741723468,0.013706548254986198,0.4821862755786426,-0.008396221042215922,0.0013943080835356206,False
exposure_cov_hybrid,fixed_groups,43.0,Extremadura,high,0,matdep,164451,16,head_age_group;head_sex;head_education_group;n_adults_group;n_children_group,preferred_demographic,medium,0.007037238173303856,0.004970477787584594,-0.0035570844482582875,0.017631560794866,0.17726043697802574,0.007068201264849717,3.096309154586134e-05,False
exposure_cov_hybrid,fixed_groups,43.0,Extremadura,high,0,matdep,164451,16,head_age_group;head_sex;head_education_group;n_adults_group;n_children_group,preferred_demographic,high,0.009550400386005993,0.005754497408294706,-0.0027150204998286666,0.021815821271840653,0.11774273330830165,0.008304632838594912,0.0012457675474110818,False
exposure_cov_hybrid,fixed_groups,43.0,Extremadura,high,0,poverty_gap,164451,16,head_age_group;head_sex;head_education_group;n_adults_group;n_children_group,preferred_demographic,medium,-3.8239596269147295e-05,0.006060783598664349,-0.012956494043378418,0.012880014850840123,0.9950490493119073,-3.539762763076416e-05,2.841968638383135e-06,False
exposure_cov_hybrid,fixed_groups,43.0,Extremadura,high,0,poverty_gap,164451,16,head_age_group;head_sex;head_education_group;n_adults_group;n_children_group,preferred_demographic,high,-0.0015750637035310718,0.005415699368765971,-0.013118353661975666,0.009968226254913523,0.7751617540273172,-0.0017073649105611248,0.00013230120703005307,False
exposure_cov_hybrid,fixed_groups,43.0,Extremadura,high,0,poverty_gap_sq,164451,16,head_age_group;head_sex;head_education_group;n_adults_group;n_children_group,preferred_demographic,medium,0.0012851423589885713,0.00432426838426245,-0.007931817523526135,0.010502102241503277,0.7703951990308673,0.0012880830765384858,2.9407175499145555e-06,False
exposure_cov_hybrid,fixed_groups,43.0,Extremadura,high,0,poverty_gap_sq,164451,16,head_age_group;head_sex;head_education_group;n_adults_group;n_children_group,preferred_demographic,high,0.0004154828618412936,0.004131810714026394,-0.008391263206909277,0.009222228930591863,0.9212338054553904,0.0006051112119733086,0.00018962835013201497,False
exposure_cov_hybrid,reranked_groups,43.0,Extremadura,high,0,poverty,164451,16,head_age_group;head_sex;head_education_group;n_adults_group;n_children_group,preferred_demographic,medium,-0.0014137264973668523,0.010714570096337545,-0.024251292060073877,0.02142383906534017,0.8967819156247407,-0.0014151131862935368,1.3866889266845022e-06,False
exposure_cov_hybrid,reranked_groups,43.0,Extremadura,high,0,poverty,164451,16,head_age_group;head_sex;head_education_group;n_adults_group;n_children_group,preferred_demographic,high,-0.007001912958680302,0.00971567037878342,-0.0277103741723468,0.013706548254986198,0.4821862755786426,-0.008396221042215922,0.0013943080835356206,False
exposure_cov_hybrid,reranked_groups,43.0,Extremadura,high,0,matdep,164451,16,head_age_group;head_sex;head_education_group;n_adults_group;n_children_group,preferred_demographic,medium,0.007037238173303856,0.004970477787584594,-0.0035570844482582875,0.017631560794866,0.17726043697802574,0.007068201264849717,3.096309154586134e-05,False
exposure_cov_hybrid,reranked_groups,43.0,Extremadura,high,0,matdep,164451,16,head_age_group;head_sex;head_education_group;n_adults_group;n_children_group,preferred_demographic,high,0.009550400386005993,0.005754497408294706,-0.0027150204998286666,0.021815821271840653,0.11774273330830165,0.008304632838594912,0.0012457675474110818,False
exposure_cov_hybrid,reranked_groups,43.0,Extremadura,high,0,poverty_gap,164451,16,head_age_group;head_sex;head_education_group;n_adults_group;n_children_group,preferred_demographic,medium,-3.8239596269147295e-05,0.006060783598664349,-0.012956494043378418,0.012880014850840123,0.9950490493119073,-3.539762763076416e-05,2.841968638383135e-06,False
exposure_cov_hybrid,reranked_groups,43.0,Extremadura,high,0,poverty_gap,164451,16,head_age_group;head_sex;head_education_group;n_adults_group;n_children_group,preferred_demographic,high,-0.0015750637035310718,0.005415699368765971,-0.013118353661975666,0.009968226254913523,0.7751617540273172,-0.0017073649105611248,0.00013230120703005307,False
exposure_cov_hybrid,reranked_groups,43.0,Extremadura,high,0,poverty_gap_sq,164451,16,head_age_group;head_sex;head_education_group;n_adults_group;n_children_group,preferred_demographic,medium,0.0012851423589885713,0.00432426838426245,-0.007931817523526135,0.010502102241503277,0.7703951990308673,0.0012880830765384858,2.9407175499145555e-06,False
exposure_cov_hybrid,reranked_groups,43.0,Extremadura,high,0,poverty_gap_sq,164451,16,head_age_group;head_sex;head_education_group;n_adults_group;n_children_group,preferred_demographic,high,0.0004154828618412936,0.004131810714026394,-0.008391263206909277,0.009222228930591863,0.9212338054553904,0.0006051112119733086,0.00018962835013201497,False
exposure_cov_hybrid,fixed_groups,51.0,Cataluña,high,0,poverty,135250,16,head_age_group;head_sex;head_education_group;n_adults_group;n_children_group,preferred_demographic,medium,-0.001425954951584204,0.010697113397391699,-0.024226312441256132,0.021374402538087724,0.8957258588241168,-0.0014151131862935368,1.0841765290667141e-05,False
exposure_cov_hybrid,fixed_groups,51.0,Cataluña,high,0,poverty,135250,16,head_age_group;head_sex;head_education_group;n_adults_group;n_children_group,preferred_demographic,high,-0.009685961259770967,0.011852083750032055,-0.03494807978271319,0.015576157263171261,0.4265834792643515,-0.008396221042215922,0.0012897402175550444,False
exposure_cov_hybrid,fixed_groups,51.0,Cataluña,high,0,matdep,135250,16,head_age_group;head_sex;head_education_group;n_adults_group;n_children_group,preferred_demographic,medium,0.007093907322698413,0.004945268263028422,-0.003446682469204699,0.017634497114601525,0.17195387320278854,0.007068201264849717,2.570605784869579e-05,False
exposure_cov_hybrid,fixed_groups,51.0,Cataluña,high,0,matdep,135250,16,head_age_group;head_sex;head_education_group;n_adults_group;n_children_group,preferred_demographic,high,0.013268043607204228,0.004959788215005942,0.0026965052702570824,0.023839581944151374,0.017299899113861317,0.008304632838594912,0.0049634107686093165,False
exposure_cov_hybrid,fixed_groups,51.0,Cataluña,high,0,poverty_gap,135250,16,head_age_group;head_sex;head_education_group;n_adults_group;n_children_group,preferred_demographic,medium,-9.261484734750823e-05,0.006067837081690179,-0.013025903437646797,0.012840673742951782,0.9880233358661887,-3.539762763076416e-05,5.721721971674407e-05,False
exposure_cov_hybrid,fixed_groups,51.0,Cataluña,high,0,poverty_gap,135250,16,head_age_group;head_sex;head_education_group;n_adults_group;n_children_group,preferred_demographic,high,-0.0023408080283399573,0.006270683996080808,-0.015706454582135355,0.011024838525455442,0.7141525213162714,-0.0017073649105611248,0.0006334431177788325,False
exposure_cov_hybrid,fixed_groups,51.0,Cataluña,high,0,poverty_gap_sq,135250,16,head_age_group;head_sex;head_education_group;n_adults_group;n_children_group,preferred_demographic,medium,0.0012341413575222985,0.004328809836604912,-0.00799249840152393,0.010460781116568528,0.7794667166514548,0.0012880830765384858,5.394171901618736e-05,False
exposure_cov_hybrid,fixed_groups,51.0,Cataluña,high,0,poverty_gap_sq,135250,16,head_age_group;head_sex;head_education_group;n_adults_group;n_children_group,preferred_demographic,high,0.0007993456006800965,0.004883502226615738,-0.009609593000980172,0.011208284202340364,0.8721658667251224,0.0006051112119733086,0.00019423438870678795,False
exposure_cov_hybrid,reranked_groups,51.0,Cataluña,high,0,poverty,135250,16,head_age_group;head_sex;head_education_group;n_adults_group;n_children_group,preferred_demographic,medium,-0.001425954951584204,0.010697113397391699,-0.024226312441256132,0.021374402538087724,0.8957258588241168,-0.0014151131862935368,1.0841765290667141e-05,False
exposure_cov_hybrid,reranked_groups,51.0,Cataluña,high,0,poverty,135250,16,head_age_group;head_sex;head_education_group;n_adults_group;n_children_group,preferred_demographic,high,-0.009685961259770967,0.011852083750032055,-0.03494807978271319,0.015576157263171261,0.4265834792643515,-0.008396221042215922,0.0012897402175550444,False
exposure_cov_hybrid,reranked_groups,51.0,Cataluña,high,0,matdep,135250,16,head_age_group;head_sex;head_education_group;n_adults_group;n_children_group,preferred_demographic,medium,0.007093907322698413,0.004945268263028422,-0.003446682469204699,0.017634497114601525,0.17195387320278854,0.007068201264849717,2.570605784869579e-05,False
exposure_cov_hybrid,reranked_groups,51.0,Cataluña,high,0,matdep,135250,16,head_age_group;head_sex;head_education_group;n_adults_group;n_children_group,preferred_demographic,high,0.013268043607204228,0.004959788215005942,0.0026965052702570824,0.023839581944151374,0.017299899113861317,0.008304632838594912,0.0049634107686093165,False
exposure_cov_hybrid,reranked_groups,51.0,Cataluña,high,0,poverty_gap,135250,16,head_age_group;head_sex;head_education_group;n_adults_group;n_children_group,preferred_demographic,medium,-9.261484734750823e-05,0.006067837081690179,-0.013025903437646797,0.012840673742951782,0.9880233358661887,-3.539762763076416e-05,5.721721971674407e-05,False
exposure_cov_hybrid,reranked_groups,51.0,Cataluña,high,0,poverty_gap,135250,16,head_age_group;head_sex;head_education_group;n_adults_group;n_children_group,preferred_demographic,high,-0.0023408080283399573,0.006270683996080808,-0.015706454582135355,0.011024838525455442,0.7141525213162714,-0.0017073649105611248,0.0006334431177788325,False
exposure_cov_hybrid,reranked_groups,51.0,Cataluña,high,0,poverty_gap_sq,135250,16,head_age_group;head_sex;head_education_group;n_adults_group;n_children_group,preferred_demographic,medium,0.0012341413575222985,0.004328809836604912,-0.00799249840152393,0.010460781116568528,0.7794667166514548,0.0012880830765384858,5.394171901618736e-05,False
exposure_cov_hybrid,reranked_groups,51.0,Cataluña,high,0,poverty_gap_sq,135250,16,head_age_group;head_sex;head_education_group;n_adults_group;n_children_group,preferred_demographic,high,0.0007993456006800965,0.004883502226615738,-0.009609593000980172,0.011208284202340364,0.8721658667251224,0.0006051112119733086,0.00019423438870678795,False
exposure_cov_hybrid,fixed_groups,52.0,Comunitat Valenciana,high,0,poverty,158706,16,head_age_group;head_sex;head_education_group;n_adults_group;n_children_group,preferred_demographic,medium,-0.0013521815541128433,0.010734311245367261,-0.024231824379948086,0.0215274612717224,0.9014300326781561,-0.0014151131862935368,6.293163218069344e-05,False
exposure_cov_hybrid,fixed_groups,52.0,Comunitat Valenciana,high,0,poverty,158706,16,head_age_group;head_sex;head_education_group;n_adults_group;n_children_group,preferred_demographic,high,-0.01289440824454963,0.009062238070678833,-0.03221011146205253,0.0064212949729532676,0.1752374016687861,-0.008396221042215922,0.004498187202333708,False
exposure_cov_hybrid,fixed_groups,52.0,Comunitat Valenciana,high,0,matdep,158706,16,head_age_group;head_sex;head_education_group;n_adults_group;n_children_group,preferred_demographic,medium,0.007101565088080067,0.004966552775302831,-0.0034843915678377966,0.01768752174399793,0.17325017703888745,0.007068201264849717,3.3363823230350004e-05,False
exposure_cov_hybrid,fixed_groups,52.0,Comunitat Valenciana,high,0,matdep,158706,16,head_age_group;head_sex;head_education_group;n_adults_group;n_children_group,preferred_demographic,high,0.007654177690963004,0.0057548787987938945,-0.004612056109477833,0.01992041149140384,0.20337796874150116,0.008304632838594912,0.0006504551476319079,False
exposure_cov_hybrid,fixed_groups,52.0,Comunitat Valenciana,high,0,poverty_gap,158706,16,head_age_group;head_sex;head_education_group;n_adults_group;n_children_group,preferred_demographic,medium,4.714185106419753e-06,0.006064245020589931,-0.012920918108193123,0.012930346478405961,0.999389989938821,-3.539762763076416e-05,4.011181273718391e-05,True
exposure_cov_hybrid,fixed_groups,52.0,Comunitat Valenciana,high,0,poverty_gap,158706,16,head_age_group;head_sex;head_education_group;n_adults_group;n_children_group,preferred_demographic,high,-0.0038340961683360087,0.005136584221222247,-0.014782466272389681,0.007114273935717664,0.46694679553411844,-0.0017073649105611248,0.0021267312577748837,False
exposure_cov_hybrid,fixed_groups,52.0,Comunitat Valenciana,high,0,poverty_gap_sq,158706,16,head_age_group;head_sex;head_education_group;n_adults_group;n_children_group,preferred_demographic,medium,0.00132503746666591,0.00432556539004273,-0.007894686918229761,0.010544761851561581,0.7635664947928711,0.0012880830765384858,3.695439012742414e-05,False
exposure_cov_hybrid,fixed_groups,52.0,Comunitat Valenciana,high,0,poverty_gap_sq,158706,16,head_age_group;head_sex;head_education_group;n_adults_group;n_children_group,preferred_demographic,high,-0.0012158695934974817,0.0037654879671099716,-0.009241817209804836,0.006810078022809873,0.7512295518444185,0.0006051112119733086,0.0018209808054707901,True
exposure_cov_hybrid,reranked_groups,52.0,Comunitat Valenciana,high,0,poverty,158706,16,head_age_group;head_sex;head_education_group;n_adults_group;n_children_group,preferred_demographic,medium,-0.0013521815541128433,0.010734311245367261,-0.024231824379948086,0.0215274612717224,0.9014300326781561,-0.0014151131862935368,6.293163218069344e-05,False
exposure_cov_hybrid,reranked_groups,52.0,Comunitat Valenciana,high,0,poverty,158706,16,head_age_group;head_sex;head_education_group;n_adults_group;n_children_group,preferred_demographic,high,-0.01289440824454963,0.009062238070678833,-0.03221011146205253,0.0064212949729532676,0.1752374016687861,-0.008396221042215922,0.004498187202333708,False
exposure_cov_hybrid,reranked_groups,52.0,Comunitat Valenciana,high,0,matdep,158706,16,head_age_group;head_sex;head_education_group;n_adults_group;n_children_group,preferred_demographic,medium,0.007101565088080067,0.004966552775302831,-0.0034843915678377966,0.01768752174399793,0.17325017703888745,0.007068201264849717,3.3363823230350004e-05,False
exposure_cov_hybrid,reranked_groups,52.0,Comunitat Valenciana,high,0,matdep,158706,16,head_age_group;head_sex;head_education_group;n_adults_group;n_children_group,preferred_demographic,high,0.007654177690963004,0.0057548787987938945,-0.004612056109477833,0.01992041149140384,0.20337796874150116,0.008304632838594912,0.0006504551476319079,False
exposure_cov_hybrid,reranked_groups,52.0,Comunitat Valenciana,high,0,poverty_gap,158706,16,head_age_group;head_sex;head_education_group;n_adults_group;n_children_group,preferred_demographic,medium,4.714185106419753e-06,0.006064245020589931,-0.012920918108193123,0.012930346478405961,0.999389989938821,-3.539762763076416e-05,4.011181273718391e-05,True
exposure_cov_hybrid,reranked_groups,52.0,Comunitat Valenciana,high,0,poverty_gap,158706,16,head_age_group;head_sex;head_education_group;n_adults_group;n_children_group,preferred_demographic,high,-0.0038340961683360087,0.005136584221222247,-0.014782466272389681,0.007114273935717664,0.46694679553411844,-0.0017073649105611248,0.0021267312577748837,False
exposure_cov_hybrid,reranked_groups,52.0,Comunitat Valenciana,high,0,poverty_gap_sq,158706,16,head_age_group;head_sex;head_education_group;n_adults_group;n_children_group,preferred_demographic,medium,0.00132503746666591,0.00432556539004273,-0.007894686918229761,0.010544761851561581,0.7635664947928711,0.0012880830765384858,3.695439012742414e-05,False
exposure_cov_hybrid,reranked_groups,52.0,Comunitat Valenciana,high,0,poverty_gap_sq,158706,16,head_age_group;head_sex;head_education_group;n_adults_group;n_children_group,preferred_demographic,high,-0.0012158695934974817,0.0037654879671099716,-0.009241817209804836,0.006810078022809873,0.7512295518444185,0.0006051112119733086,0.0018209808054707901,True
exposure_cov_hybrid,fixed_groups,53.0,Illes Balears,low,0,poverty,166291,16,head_age_group;head_sex;head_education_group;n_adults_group;n_children_group,preferred_demographic,medium,-0.001317703791827668,0.011429566881094099,-0.02567924892648075,0.023043841342825413,0.9097452217212965,-0.0014151131862935368,9.740939446586873e-05,False
exposure_cov_hybrid,fixed_groups,53.0,Illes Balears,low,0,poverty,166291,16,head_age_group;head_sex;head_education_group;n_adults_group;n_children_group,preferred_demographic,high,-0.008333461103491436,0.010387635189016295,-0.030474181406560955,0.013807259199578084,0.43493620307716885,-0.008396221042215922,6.275993872448607e-05,False
exposure_cov_hybrid,fixed_groups,53.0,Illes Balears,low,0,matdep,166291,16,head_age_group;head_sex;head_education_group;n_adults_group;n_children_group,preferred_demographic,medium,0.008193955171419482,0.005096820967817439,-0.002669661564234536,0.019057571907073502,0.12875050919798348,0.007068201264849717,0.0011257539065697647,False
exposure_cov_hybrid,fixed_groups,53.0,Illes Balears,low,0,matdep,166291,16,head_age_group;head_sex;head_education_group;n_adults_group;n_children_group,preferred_demographic,high,0.009422289551628028,0.00553859297766566,-0.00238294193365801,0.021227521036914068,0.10953520138116457,0.008304632838594912,0.0011176567130331168,False
exposure_cov_hybrid,fixed_groups,53.0,Illes Balears,low,0,poverty_gap,166291,16,head_age_group;head_sex;head_education_group;n_adults_group;n_children_group,preferred_demographic,medium,0.0012276785288408473,0.006119901098527258,-0.011816581886485851,0.014271938944167546,0.8437025980745556,-3.539762763076416e-05,0.0012630761564716114,True
exposure_cov_hybrid,fixed_groups,53.0,Illes Balears,low,0,poverty_gap,166291,16,head_age_group;head_sex;head_education_group;n_adults_group;n_children_group,preferred_demographic,high,-0.0004649928614417185,0.005393866323824688,-0.01196174678616803,0.011031761063284592,0.9324415219856945,-0.0017073649105611248,0.0012423720491194063,False
exposure_cov_hybrid,fixed_groups,53.0,Illes Balears,low,0,poverty_gap_sq,166291,16,head_age_group;head_sex;head_education_group;n_adults_group;n_children_group,preferred_demographic,medium,0.0026168206227012943,0.004179297078950018,-0.00629114023698602,0.011524781482388608,0.5406355433494725,0.0012880830765384858,0.0013287375461628085,False
exposure_cov_hybrid,fixed_groups,53.0,Illes Balears,low,0,poverty_gap_sq,166291,16,head_age_group;head_sex;head_education_group;n_adults_group;n_children_group,preferred_demographic,high,0.0019179607237146084,0.0039028187650252213,-0.0064007005594005646,0.010236622006829782,0.6302355233638224,0.0006051112119733086,0.0013128495117413,False
exposure_cov_hybrid,reranked_groups,53.0,Illes Balears,low,2,poverty,166291,16,head_age_group;head_sex;head_education_group;n_adults_group;n_children_group,preferred_demographic,medium,-0.006500767911487821,0.011005813003094321,-0.029959103035449085,0.016957567212473445,0.5635381997421143,-0.0014151131862935368,0.005085654725194284,False
exposure_cov_hybrid,reranked_groups,53.0,Illes Balears,low,2,poverty,166291,16,head_age_group;head_sex;head_education_group;n_adults_group;n_children_group,preferred_demographic,high,-0.007535460685925887,0.009525958386019311,-0.027839560358828085,0.012768638986976312,0.44124689099389647,-0.008396221042215922,0.0008607603562900351,False
exposure_cov_hybrid,reranked_groups,53.0,Illes Balears,low,2,matdep,166291,16,head_age_group;head_sex;head_education_group;n_adults_group;n_children_group,preferred_demographic,medium,0.0059835291392445625,0.005112641080795387,-0.004913807369027007,0.016880865647516133,0.2601230072572842,0.007068201264849717,0.0010846721256051548,False
exposure_cov_hybrid,reranked_groups,53.0,Illes Balears,low,2,matdep,166291,16,head_age_group;head_sex;head_education_group;n_adults_group;n_children_group,preferred_demographic,high,0.010090880302100301,0.005556815151389827,-0.0017531908270892235,0.021934951431289824,0.08941721797690971,0.008304632838594912,0.0017862474635053898,False
exposure_cov_hybrid,reranked_groups,53.0,Illes Balears,low,2,poverty_gap,166291,16,head_age_group;head_sex;head_education_group;n_adults_group;n_children_group,preferred_demographic,medium,4.6648881497948194e-05,0.005649152006719943,-0.011994233596023373,0.012087531359019268,0.9935202259373217,-3.539762763076416e-05,8.204650912871235e-05,True
exposure_cov_hybrid,reranked_groups,53.0,Illes Balears,low,2,poverty_gap,166291,16,head_age_group;head_sex;head_education_group;n_adults_group;n_children_group,preferred_demographic,high,-0.0007435431648001556,0.004985121561793019,-0.011369078252244126,0.009881991922643815,0.8834201588825672,-0.0017073649105611248,0.0009638217457609693,False
exposure_cov_hybrid,reranked_groups,53.0,Illes Balears,low,2,poverty_gap_sq,166291,16,head_age_group;head_sex;head_education_group;n_adults_group;n_children_group,preferred_demographic,medium,0.0020968729832951762,0.003917869125636775,-0.0062538673841060054,0.010447613350696357,0.6003517848634332,0.0012880830765384858,0.0008087899067566904,False
exposure_cov_hybrid,reranked_groups,53.0,Illes Balears,low,2,poverty_gap_sq,166291,16,head_age_group;head_sex;head_education_group;n_adults_group;n_children_group,preferred_demographic,high,0.0011679701192854701,0.003728741207455763,-0.006779653632856126,0.009115593871427066,0.7584157979735271,0.0006051112119733086,0.0005628589073121616,False
exposure_cov_hybrid,fixed_groups,61.0,Andalucía,high,0,poverty,152236,16,head_age_group;head_sex;head_education_group;n_adults_group;n_children_group,preferred_demographic,medium,-0.0015054877750218193,0.01071141322197413,-0.024336324619301554,0.021325349069257912,0.8900955775602317,-0.0014151131862935368,9.037458872828254e-05,False
exposure_cov_hybrid,fixed_groups,61.0,Andalucía,high,0,poverty,152236,16,head_age_group;head_sex;head_education_group;n_adults_group;n_children_group,preferred_demographic,high,-0.006070878028578289,0.010012118301262352,-0.02741120303189465,0.015269446974738069,0.5533469413849676,-0.008396221042215922,0.0023253430136376332,False
exposure_cov_hybrid,fixed_groups,61.0,Andalucía,high,0,matdep,152236,16,head_age_group;head_sex;head_education_group;n_adults_group;n_children_group,preferred_demographic,medium,0.007047426224579982,0.0049446240151643775,-0.003491790385506085,0.01758664283466605,0.17455508730293667,0.007068201264849717,2.077504026973525e-05,False
exposure_cov_hybrid,fixed_groups,61.0,Andalucía,high,0,matdep,152236,16,head_age_group;head_sex;head_education_group;n_adults_group;n_children_group,preferred_demographic,high,0.005614568049163664,0.004922693572113329,-0.004877904928047321,0.016107041026374648,0.2719420779580166,0.008304632838594912,0.0026900647894312476,False
exposure_cov_hybrid,fixed_groups,61.0,Andalucía,high,0,poverty_gap,152236,16,head_age_group;head_sex;head_education_group;n_adults_group;n_children_group,preferred_demographic,medium,-4.1507126971817596e-05,0.006049438814441982,-0.01293558073890585,0.012852566484962214,0.9946159249644331,-3.539762763076416e-05,6.109499341053436e-06,False
exposure_cov_hybrid,fixed_groups,61.0,Andalucía,high,0,poverty_gap,152236,16,head_age_group;head_sex;head_education_group;n_adults_group;n_children_group,preferred_demographic,high,-0.0010149012356446344,0.005564194800743963,-0.012874701715096422,0.010844899243807153,0.8577121798465841,-0.0017073649105611248,0.0006924636749164905,False
exposure_cov_hybrid,fixed_groups,61.0,Andalucía,high,0,poverty_gap_sq,152236,16,head_age_group;head_sex;head_education_group;n_adults_group;n_children_group,preferred_demographic,medium,0.0012967908416866918,0.004313527301960499,-0.007897274965836702,0.010490856649210085,0.7678206951527802,0.0012880830765384858,8.707765148206021e-06,False
exposure_cov_hybrid,fixed_groups,61.0,Andalucía,high,0,poverty_gap_sq,152236,16,head_age_group;head_sex;head_education_group;n_adults_group;n_children_group,preferred_demographic,high,0.0010549723915346297,0.004308079047711446,-0.008127480736945525,0.010237425520014783,0.8098659892200701,0.0006051112119733086,0.0004498611795613212,False
exposure_cov_hybrid,reranked_groups,61.0,Andalucía,high,0,poverty,152236,16,head_age_group;head_sex;head_education_group;n_adults_group;n_children_group,preferred_demographic,medium,-0.0015054877750218193,0.01071141322197413,-0.024336324619301554,0.021325349069257912,0.8900955775602317,-0.0014151131862935368,9.037458872828254e-05,False
exposure_cov_hybrid,reranked_groups,61.0,Andalucía,high,0,poverty,152236,16,head_age_group;head_sex;head_education_group;n_adults_group;n_children_group,preferred_demographic,high,-0.006070878028578289,0.010012118301262352,-0.02741120303189465,0.015269446974738069,0.5533469413849676,-0.008396221042215922,0.0023253430136376332,False
exposure_cov_hybrid,reranked_groups,61.0,Andalucía,high,0,matdep,152236,16,head_age_group;head_sex;head_education_group;n_adults_group;n_children_group,preferred_demographic,medium,0.007047426224579982,0.0049446240151643775,-0.003491790385506085,0.01758664283466605,0.17455508730293667,0.007068201264849717,2.077504026973525e-05,False
exposure_cov_hybrid,reranked_groups,61.0,Andalucía,high,0,matdep,152236,16,head_age_group;head_sex;head_education_group;n_adults_group;n_children_group,preferred_demographic,high,0.005614568049163664,0.004922693572113329,-0.004877904928047321,0.016107041026374648,0.2719420779580166,0.008304632838594912,0.0026900647894312476,False
exposure_cov_hybrid,reranked_groups,61.0,Andalucía,high,0,poverty_gap,152236,16,head_age_group;head_sex;head_education_group;n_adults_group;n_children_group,preferred_demographic,medium,-4.1507126971817596e-05,0.006049438814441982,-0.01293558073890585,0.012852566484962214,0.9946159249644331,-3.539762763076416e-05,6.109499341053436e-06,False
exposure_cov_hybrid,reranked_groups,61.0,Andalucía,high,0,poverty_gap,152236,16,head_age_group;head_sex;head_education_group;n_adults_group;n_children_group,preferred_demographic,high,-0.0010149012356446344,0.005564194800743963,-0.012874701715096422,0.010844899243807153,0.8577121798465841,-0.0017073649105611248,0.0006924636749164905,False
exposure_cov_hybrid,reranked_groups,61.0,Andalucía,high,0,poverty_gap_sq,152236,16,head_age_group;head_sex;head_education_group;n_adults_group;n_children_group,preferred_demographic,medium,0.0012967908416866918,0.004313527301960499,-0.007897274965836702,0.010490856649210085,0.7678206951527802,0.0012880830765384858,8.707765148206021e-06,False
exposure_cov_hybrid,reranked_groups,61.0,Andalucía,high,0,poverty_gap_sq,152236,16,head_age_group;head_sex;head_education_group;n_adults_group;n_children_group,preferred_demographic,high,0.0010549723915346297,0.004308079047711446,-0.008127480736945525,0.010237425520014783,0.8098659892200701,0.0006051112119733086,0.0004498611795613212,False
exposure_cov_hybrid,fixed_groups,62.0,Región de Murcia,high,0,poverty,164540,16,head_age_group;head_sex;head_education_group;n_adults_group;n_children_group,preferred_demographic,medium,-0.001396974362171793,0.010700191823149203,-0.02420389336102559,0.021409944636682006,0.8978613606382964,-0.0014151131862935368,1.813882412174373e-05,False
exposure_cov_hybrid,fixed_groups,62.0,Región de Murcia,high,0,poverty,164540,16,head_age_group;head_sex;head_education_group;n_adults_group;n_children_group,preferred_demographic,high,-0.008626051014282425,0.00984593574816642,-0.029612166290322494,0.012360064261757644,0.39478808359883577,-0.008396221042215922,0.00022982997206650278,False
exposure_cov_hybrid,fixed_groups,62.0,Región de Murcia,high,0,matdep,164540,16,head_age_group;head_sex;head_education_group;n_adults_group;n_children_group,preferred_demographic,medium,0.007073359976638952,0.0049672165506113595,-0.003514011482858628,0.017660731436136532,0.17491378557525472,0.007068201264849717,5.15871178923509e-06,False
exposure_cov_hybrid,fixed_groups,62.0,Región de Murcia,high,0,matdep,164540,16,head_age_group;head_sex;head_education_group;n_adults_group;n_children_group,preferred_demographic,high,0.007484733633834785,0.005530202131217879,-0.004302613185603267,0.01927208045327284,0.1959638590967785,0.008304632838594912,0.0008198992047601262,False
exposure_cov_hybrid,fixed_groups,62.0,Región de Murcia,high,0,poverty_gap,164540,16,head_age_group;head_sex;head_education_group;n_adults_group;n_children_group,preferred_demographic,medium,-3.0972838840849945e-05,0.006061522100617736,-0.012950801365603061,0.012888855687921362,0.9959903685336053,-3.539762763076416e-05,4.424788789914215e-06,False
exposure_cov_hybrid,fixed_groups,62.0,Región de Murcia,high,0,poverty_gap,164540,16,head_age_group;head_sex;head_education_group;n_adults_group;n_children_group,preferred_demographic,high,-0.001254250635132634,0.00538711185304463,-0.012736607746184292,0.010228106475919024,0.8190448899467551,-0.0017073649105611248,0.0004531142754284909,False
exposure_cov_hybrid,fixed_groups,62.0,Región de Murcia,high,0,poverty_gap_sq,164540,16,head_age_group;head_sex;head_education_group;n_adults_group;n_children_group,preferred_demographic,medium,0.0012905925161431735,0.004324851202755498,-0.007927609614583685,0.010508794646870032,0.7694818489186526,0.0012880830765384858,2.509439604687653e-06,False
exposure_cov_hybrid,fixed_groups,62.0,Región de Murcia,high,0,poverty_gap_sq,164540,16,head_age_group;head_sex;head_education_group;n_adults_group;n_children_group,preferred_demographic,high,0.0011344002214556215,0.00410125838692839,-0.007607225103586116,0.00987602554649736,0.7858636736713831,0.0006051112119733086,0.0005292890094823129,False
exposure_cov_hybrid,reranked_groups,62.0,Región de Murcia,high,0,poverty,164540,16,head_age_group;head_sex;head_education_group;n_adults_group;n_children_group,preferred_demographic,medium,-0.001396974362171793,0.010700191823149203,-0.02420389336102559,0.021409944636682006,0.8978613606382964,-0.0014151131862935368,1.813882412174373e-05,False
exposure_cov_hybrid,reranked_groups,62.0,Región de Murcia,high,0,poverty,164540,16,head_age_group;head_sex;head_education_group;n_adults_group;n_children_group,preferred_demographic,high,-0.008626051014282425,0.00984593574816642,-0.029612166290322494,0.012360064261757644,0.39478808359883577,-0.008396221042215922,0.00022982997206650278,False
exposure_cov_hybrid,reranked_groups,62.0,Región de Murcia,high,0,matdep,164540,16,head_age_group;head_sex;head_education_group;n_adults_group;n_children_group,preferred_demographic,medium,0.007073359976638952,0.0049672165506113595,-0.003514011482858628,0.017660731436136532,0.17491378557525472,0.007068201264849717,5.15871178923509e-06,False
exposure_cov_hybrid,reranked_groups,62.0,Región de Murcia,high,0,matdep,164540,16,head_age_group;head_sex;head_education_group;n_adults_group;n_children_group,preferred_demographic,high,0.007484733633834785,0.005530202131217879,-0.004302613185603267,0.01927208045327284,0.1959638590967785,0.008304632838594912,0.0008198992047601262,False
exposure_cov_hybrid,reranked_groups,62.0,Región de Murcia,high,0,poverty_gap,164540,16,head_age_group;head_sex;head_education_group;n_adults_group;n_children_group,preferred_demographic,medium,-3.0972838840849945e-05,0.006061522100617736,-0.012950801365603061,0.012888855687921362,0.9959903685336053,-3.539762763076416e-05,4.424788789914215e-06,False
exposure_cov_hybrid,reranked_groups,62.0,Región de Murcia,high,0,poverty_gap,164540,16,head_age_group;head_sex;head_education_group;n_adults_group;n_children_group,preferred_demographic,high,-0.001254250635132634,0.00538711185304463,-0.012736607746184292,0.010228106475919024,0.8190448899467551,-0.0017073649105611248,0.0004531142754284909,False
exposure_cov_hybrid,reranked_groups,62.0,Región de Murcia,high,0,poverty_gap_sq,164540,16,head_age_group;head_sex;head_education_group;n_adults_group;n_children_group,preferred_demographic,medium,0.0012905925161431735,0.004324851202755498,-0.007927609614583685,0.010508794646870032,0.7694818489186526,0.0012880830765384858,2.509439604687653e-06,False
exposure_cov_hybrid,reranked_groups,62.0,Región de Murcia,high,0,poverty_gap_sq,164540,16,head_age_group;head_sex;head_education_group;n_adults_group;n_children_group,preferred_demographic,high,0.0011344002214556215,0.00410125838692839,-0.007607225103586116,0.00987602554649736,0.7858636736713831,0.0006051112119733086,0.0005292890094823129,False
exposure_cov_hybrid,fixed_groups,70.0,Canarias,high,0,poverty,165319,16,head_age_group;head_sex;head_education_group;n_adults_group;n_children_group,preferred_demographic,medium,-0.001383792944590619,0.010711531426267245,-0.0242148817353572,0.02144729584617596,0.8989258477943141,-0.0014151131862935368,3.132024170291771e-05,False
exposure_cov_hybrid,fixed_groups,70.0,Canarias,high,0,poverty,165319,16,head_age_group;head_sex;head_education_group;n_adults_group;n_children_group,preferred_demographic,high,-0.006535433176472932,0.00958797212209316,-0.026971711998948197,0.013900845646002335,0.5058627767436481,-0.008396221042215922,0.0018607878657429903,False
exposure_cov_hybrid,fixed_groups,70.0,Canarias,high,0,matdep,165319,16,head_age_group;head_sex;head_education_group;n_adults_group;n_children_group,preferred_demographic,medium,0.007077162213713702,0.004963111226257265,-0.003501458954054967,0.01765578338148237,0.17436132848494235,0.007068201264849717,8.960948863984478e-06,False
exposure_cov_hybrid,fixed_groups,70.0,Canarias,high,0,matdep,165319,16,head_age_group;head_sex;head_education_group;n_adults_group;n_children_group,preferred_demographic,high,0.007719081842546627,0.005553717600782434,-0.004118387013808421,0.019556550698901675,0.18484477938288912,0.008304632838594912,0.0005855509960482844,False
exposure_cov_hybrid,fixed_groups,70.0,Canarias,high,0,poverty_gap,165319,16,head_age_group;head_sex;head_education_group;n_adults_group;n_children_group,preferred_demographic,medium,1.163135887259621e-06,0.006070730226373418,-0.012938292046332359,0.012940618318106879,0.9998496523402678,-3.539762763076416e-05,3.6560763518023785e-05,True
exposure_cov_hybrid,fixed_groups,70.0,Canarias,high,0,poverty_gap,165319,16,head_age_group;head_sex;head_education_group;n_adults_group;n_children_group,preferred_demographic,high,-0.0005479993457504097,0.005256993334337599,-0.011753015399235057,0.010657016707734238,0.9183583776995006,-0.0017073649105611248,0.001159365564810715,False
exposure_cov_hybrid,fixed_groups,70.0,Canarias,high,0,poverty_gap_sq,165319,16,head_age_group;head_sex;head_education_group;n_adults_group;n_children_group,preferred_demographic,medium,0.0013197506363501108,0.00432969433314514,-0.007908774382444835,0.010548275655145057,0.7646963928963386,0.0012880830765384858,3.166755981162499e-05,False
exposure_cov_hybrid,fixed_groups,70.0,Canarias,high,0,poverty_gap_sq,165319,16,head_age_group;head_sex;head_education_group;n_adults_group;n_children_group,preferred_demographic,high,0.0014245484144320417,0.004053310219269095,-0.007214877810441866,0.01006397463930595,0.7301364946750661,0.0006051112119733086,0.0008194372024587332,False
exposure_cov_hybrid,reranked_groups,70.0,Canarias,high,0,poverty,165319,16,head_age_group;head_sex;head_education_group;n_adults_group;n_children_group,preferred_demographic,medium,-0.001383792944590619,0.010711531426267245,-0.0242148817353572,0.02144729584617596,0.8989258477943141,-0.0014151131862935368,3.132024170291771e-05,False
exposure_cov_hybrid,reranked_groups,70.0,Canarias,high,0,poverty,165319,16,head_age_group;head_sex;head_education_group;n_adults_group;n_children_group,preferred_demographic,high,-0.006535433176472932,0.00958797212209316,-0.026971711998948197,0.013900845646002335,0.5058627767436481,-0.008396221042215922,0.0018607878657429903,False
exposure_cov_hybrid,reranked_groups,70.0,Canarias,high,0,matdep,165319,16,head_age_group;head_sex;head_education_group;n_adults_group;n_children_group,preferred_demographic,medium,0.007077162213713702,0.004963111226257265,-0.003501458954054967,0.01765578338148237,0.17436132848494235,0.007068201264849717,8.960948863984478e-06,False
exposure_cov_hybrid,reranked_groups,70.0,Canarias,high,0,matdep,165319,16,head_age_group;head_sex;head_education_group;n_adults_group;n_children_group,preferred_demographic,high,0.007719081842546627,0.005553717600782434,-0.004118387013808421,0.019556550698901675,0.18484477938288912,0.008304632838594912,0.0005855509960482844,False
exposure_cov_hybrid,reranked_groups,70.0,Canarias,high,0,poverty_gap,165319,16,head_age_group;head_sex;head_education_group;n_adults_group;n_children_group,preferred_demographic,medium,1.163135887259621e-06,0.006070730226373418,-0.012938292046332359,0.012940618318106879,0.9998496523402678,-3.539762763076416e-05,3.6560763518023785e-05,True
exposure_cov_hybrid,reranked_groups,70.0,Canarias,high,0,poverty_gap,165319,16,head_age_group;head_sex;head_education_group;n_adults_group;n_children_group,preferred_demographic,high,-0.0005479993457504097,0.005256993334337599,-0.011753015399235057,0.010657016707734238,0.9183583776995006,-0.0017073649105611248,0.001159365564810715,False
exposure_cov_hybrid,reranked_groups,70.0,Canarias,high,0,poverty_gap_sq,165319,16,head_age_group;head_sex;head_education_group;n_adults_group;n_children_group,preferred_demographic,medium,0.0013197506363501108,0.00432969433314514,-0.007908774382444835,0.010548275655145057,0.7646963928963386,0.0012880830765384858,3.166755981162499e-05,False
exposure_cov_hybrid,reranked_groups,70.0,Canarias,high,0,poverty_gap_sq,165319,16,head_age_group;head_sex;head_education_group;n_adults_group;n_children_group,preferred_demographic,high,0.0014245484144320417,0.004053310219269095,-0.007214877810441866,0.01006397463930595,0.7301364946750661,0.0006051112119733086,0.0008194372024587332,False
exposure_exp_hybrid,fixed_groups,11.0,Galicia,high,0,poverty,161507,16,head_age_group;head_sex;head_education_group;n_adults_group;n_children_group,preferred_demographic,medium,0.02286215065714481,0.008491831407993877,0.004762240461606029,0.040962060852683585,0.016716421404745496,0.022828292486914408,3.3858170230400414e-05,False
exposure_exp_hybrid,fixed_groups,11.0,Galicia,high,0,poverty,161507,16,head_age_group;head_sex;head_education_group;n_adults_group;n_children_group,preferred_demographic,high,0.004431826588100045,0.008791128772174493,-0.014306020838308751,0.02316967401450884,0.6214973066498781,0.0025785198462222637,0.0018533067418777813,False
exposure_exp_hybrid,fixed_groups,11.0,Galicia,high,0,matdep,161507,16,head_age_group;head_sex;head_education_group;n_adults_group;n_children_group,preferred_demographic,medium,-0.00048501151377301267,0.002705449818648042,-0.00625154130026516,0.005281518272719135,0.8601232209908067,-0.00045243895348042666,3.257256029258601e-05,False
exposure_exp_hybrid,fixed_groups,11.0,Galicia,high,0,matdep,161507,16,head_age_group;head_sex;head_education_group;n_adults_group;n_children_group,preferred_demographic,high,0.007468315125407452,0.005936580085291612,-0.00518520579956657,0.020121836050381474,0.2276172057808703,0.00684370652593298,0.0006246085994744723,False
exposure_exp_hybrid,fixed_groups,11.0,Galicia,high,0,poverty_gap,161507,16,head_age_group;head_sex;head_education_group;n_adults_group;n_children_group,preferred_demographic,medium,0.009000955444979994,0.005186695722443269,-0.002054224795578546,0.02005613568553853,0.10316254064193431,0.008974993213925982,2.5962231054011894e-05,False
exposure_exp_hybrid,fixed_groups,11.0,Galicia,high,0,poverty_gap,161507,16,head_age_group;head_sex;head_education_group;n_adults_group;n_children_group,preferred_demographic,high,-6.983055086154755e-05,0.004407390852132661,-0.009463961779744021,0.009324300678020927,0.9875676944726219,-0.0008087280049758243,0.0007388974541142768,False
exposure_exp_hybrid,fixed_groups,11.0,Galicia,high,0,poverty_gap_sq,161507,16,head_age_group;head_sex;head_education_group;n_adults_group;n_children_group,preferred_demographic,medium,0.0058092059037170955,0.003655125277616436,-0.0019815092082225063,0.013599921015656697,0.13283678732905213,0.005788382183317716,2.0823720399379582e-05,False
exposure_exp_hybrid,fixed_groups,11.0,Galicia,high,0,poverty_gap_sq,161507,16,head_age_group;head_sex;head_education_group;n_adults_group;n_children_group,preferred_demographic,high,-9.759275610659461e-05,0.0037499972005074827,-0.0080905225849787,0.007895337072765511,0.97958066922694,-0.0005736414836981025,0.00047604872759150784,False
exposure_exp_hybrid,reranked_groups,11.0,Galicia,high,0,poverty,161507,16,head_age_group;head_sex;head_education_group;n_adults_group;n_children_group,preferred_demographic,medium,0.02286215065714481,0.008491831407993877,0.004762240461606029,0.040962060852683585,0.016716421404745496,0.022828292486914408,3.3858170230400414e-05,False
exposure_exp_hybrid,reranked_groups,11.0,Galicia,high,0,poverty,161507,16,head_age_group;head_sex;head_education_group;n_adults_group;n_children_group,preferred_demographic,high,0.004431826588100045,0.008791128772174493,-0.014306020838308751,0.02316967401450884,0.6214973066498781,0.0025785198462222637,0.0018533067418777813,False
exposure_exp_hybrid,reranked_groups,11.0,Galicia,high,0,matdep,161507,16,head_age_group;head_sex;head_education_group;n_adults_group;n_children_group,preferred_demographic,medium,-0.00048501151377301267,0.002705449818648042,-0.00625154130026516,0.005281518272719135,0.8601232209908067,-0.00045243895348042666,3.257256029258601e-05,False
exposure_exp_hybrid,reranked_groups,11.0,Galicia,high,0,matdep,161507,16,head_age_group;head_sex;head_education_group;n_adults_group;n_children_group,preferred_demographic,high,0.007468315125407452,0.005936580085291612,-0.00518520579956657,0.020121836050381474,0.2276172057808703,0.00684370652593298,0.0006246085994744723,False
exposure_exp_hybrid,reranked_groups,11.0,Galicia,high,0,poverty_gap,161507,16,head_age_group;head_sex;head_education_group;n_adults_group;n_children_group,preferred_demographic,medium,0.009000955444979994,0.005186695722443269,-0.002054224795578546,0.02005613568553853,0.10316254064193431,0.008974993213925982,2.5962231054011894e-05,False
exposure_exp_hybrid,reranked_groups,11.0,Galicia,high,0,poverty_gap,161507,16,head_age_group;head_sex;head_education_group;n_adults_group;n_children_group,preferred_demographic,high,-6.983055086154755e-05,0.004407390852132661,-0.009463961779744021,0.009324300678020927,0.9875676944726219,-0.0008087280049758243,0.0007388974541142768,False
exposure_exp_hybrid,reranked_groups,11.0,Galicia,high,0,poverty_gap_sq,161507,16,head_age_group;head_sex;head_education_group;n_adults_group;n_children_group,preferred_demographic,medium,0.0058092059037170955,0.003655125277616436,-0.0019815092082225063,0.013599921015656697,0.13283678732905213,0.005788382183317716,2.0823720399379582e-05,False
exposure_exp_hybrid,reranked_groups,11.0,Galicia,high,0,poverty_gap_sq,161507,16,head_age_group;head_sex;head_education_group;n_adults_group;n_children_group,preferred_demographic,high,-9.759275610659461e-05,0.0037499972005074827,-0.0080905225849787,0.007895337072765511,0.97958066922694,-0.0005736414836981025,0.00047604872759150784,False
exposure_exp_hybrid,fixed_groups,12.0,Principado de Asturias,low,0,poverty,165116,16,head_age_group;head_sex;head_education_group;n_adults_group;n_children_group,preferred_demographic,medium,0.024048814237362024,0.008561337568306711,0.005800755168010846,0.0422968733067132,0.013217413285132595,0.022828292486914408,0.001220521750447616,False
exposure_exp_hybrid,fixed_groups,12.0,Principado de Asturias,low,0,poverty,165116,16,head_age_group;head_sex;head_education_group;n_adults_group;n_children_group,preferred_demographic,high,0.003867420644222105,0.00775693061949181,-0.012666085599632426,0.020400926888076636,0.6253093851971256,0.0025785198462222637,0.001288900797999841,False
exposure_exp_hybrid,fixed_groups,12.0,Principado de Asturias,low,0,matdep,165116,16,head_age_group;head_sex;head_education_group;n_adults_group;n_children_group,preferred_demographic,medium,-0.0004830394660925758,0.002885211460526967,-0.006632722122476638,0.0056666431902914855,0.8692765313532784,-0.00045243895348042666,3.0600512612149165e-05,False
exposure_exp_hybrid,fixed_groups,12.0,Principado de Asturias,low,0,matdep,165116,16,head_age_group;head_sex;head_education_group;n_adults_group;n_children_group,preferred_demographic,high,0.006839998809699116,0.005313640893695709,-0.0044857586584364445,0.018165756277834677,0.2175152104162439,0.00684370652593298,3.707716233864247e-06,False
exposure_exp_hybrid,fixed_groups,12.0,Principado de Asturias,low,0,poverty_gap,165116,16,head_age_group;head_sex;head_education_group;n_adults_group;n_children_group,preferred_demographic,medium,0.009345375926944772,0.00525321728459527,-0.0018515916670325764,0.020542343520922123,0.09551004191838319,0.008974993213925982,0.00037038271301879054,False
exposure_exp_hybrid,fixed_groups,12.0,Principado de Asturias,low,0,poverty_gap,165116,16,head_age_group;head_sex;head_education_group;n_adults_group;n_children_group,preferred_demographic,high,-0.0004263462429173445,0.004041767211508868,-0.009041169129146324,0.008188476643311633,0.9173885838791069,-0.0008087280049758243,0.0003823817620584798,False
exposure_exp_hybrid,fixed_groups,12.0,Principado de Asturias,low,0,poverty_gap_sq,165116,16,head_age_group;head_sex;head_education_group;n_adults_group;n_children_group,preferred_demographic,medium,0.006080988473484923,0.0037070054924903334,-0.0018203066988711917,0.013982283645841038,0.12171795729361401,0.005788382183317716,0.00029260629016720704,False
exposure_exp_hybrid,fixed_groups,12.0,Principado de Asturias,low,0,poverty_gap_sq,165116,16,head_age_group;head_sex;head_education_group;n_adults_group;n_children_group,preferred_demographic,high,-0.00027942677362454175,0.003390270912633987,-0.00750561816968278,0.006946764622433696,0.9354023661357331,-0.0005736414836981025,0.0002942147100735607,False
exposure_exp_hybrid,reranked_groups,12.0,Principado de Asturias,low,2,poverty,165116,16,head_age_group;head_sex;head_education_group;n_adults_group;n_children_group,preferred_demographic,medium,0.014423320978486965,0.009968724404220227,-0.006824512122698887,0.03567115407967282,0.16851088322493935,0.022828292486914408,0.008404971508427443,False
exposure_exp_hybrid,reranked_groups,12.0,Principado de Asturias,low,2,poverty,165116,16,head_age_group;head_sex;head_education_group;n_adults_group;n_children_group,preferred_demographic,high,0.00019568973529628114,0.009056909444176505,-0.019108655783669774,0.019500035254262336,0.9830465093527234,0.0025785198462222637,0.0023828301109259827,False
exposure_exp_hybrid,reranked_groups,12.0,Principado de Asturias,low,2,matdep,165116,16,head_age_group;head_sex;head_education_group;n_adults_group;n_children_group,preferred_demographic,medium,0.002997570483942736,0.00420142147015058,-0.005957547399314804,0.011952688367200277,0.48651079685900633,-0.00045243895348042666,0.0034500094374231623,True
exposure_exp_hybrid,reranked_groups,12.0,Principado de Asturias,low,2,matdep,165116,16,head_age_group;head_sex;head_education_group;n_adults_group;n_children_group,preferred_demographic,high,0.005903892435494634,0.005676395445318591,-0.006195058056847258,0.018002842927836528,0.3147790924410967,0.00684370652593298,0.0009398140904383458,False
exposure_exp_hybrid,reranked_groups,12.0,Principado de Asturias,low,2,poverty_gap,165116,16,head_age_group;head_sex;head_education_group;n_adults_group;n_children_group,preferred_demographic,medium,0.0035629177075264737,0.006041462222442186,-0.009314154201014477,0.016439989616067425,0.564140632782248,0.008974993213925982,0.005412075506399508,False
exposure_exp_hybrid,reranked_groups,12.0,Principado de Asturias,low,2,poverty_gap,165116,16,head_age_group;head_sex;head_education_group;n_adults_group;n_children_group,preferred_demographic,high,-0.0014329052144389006,0.004482105653450881,-0.010986287272637684,0.008120476843759883,0.753609240262961,-0.0008087280049758243,0.0006241772094630763,False
exposure_exp_hybrid,reranked_groups,12.0,Principado de Asturias,low,2,poverty_gap_sq,165116,16,head_age_group;head_sex;head_education_group;n_adults_group;n_children_group,preferred_demographic,medium,0.001768967485579363,0.004360528469198572,-0.007525278938494398,0.011063213909653124,0.6907073777820854,0.005788382183317716,0.004019414697738353,False
exposure_exp_hybrid,reranked_groups,12.0,Principado de Asturias,low,2,poverty_gap_sq,165116,16,head_age_group;head_sex;head_education_group;n_adults_group;n_children_group,preferred_demographic,high,-0.000686752088099467,0.0036715793764012885,-0.00851253828141664,0.007139034105217706,0.8541314679473544,-0.0005736414836981025,0.0001131106044013645,False
exposure_exp_hybrid,fixed_groups,13.0,Cantabria,low,0,poverty,166030,16,head_age_group;head_sex;head_education_group;n_adults_group;n_children_group,preferred_demographic,medium,0.023450567873673913,0.008564149085198973,0.00519651619792039,0.04170461954942743,0.015242902149479765,0.022828292486914408,0.0006222753867595049,False
exposure_exp_hybrid,fixed_groups,13.0,Cantabria,low,0,poverty,166030,16,head_age_group;head_sex;head_education_group;n_adults_group;n_children_group,preferred_demographic,high,0.003206685944524385,0.0078017138857079124,-0.01342227357175514,0.019835645460803908,0.686867461951854,0.0025785198462222637,0.0006281660983021211,False
exposure_exp_hybrid,fixed_groups,13.0,Cantabria,low,0,matdep,166030,16,head_age_group;head_sex;head_education_group;n_adults_group;n_children_group,preferred_demographic,medium,0.001349346887070515,0.0018176178307658616,-0.0025248138123167264,0.005223507586457756,0.4693290680973383,-0.00045243895348042666,0.0018017858405509418,True
exposure_exp_hybrid,fixed_groups,13.0,Cantabria,low,0,matdep,166030,16,head_age_group;head_sex;head_education_group;n_adults_group;n_children_group,preferred_demographic,high,0.00865951194386365,0.004820071938655585,-0.0016142281993492252,0.018933252087076524,0.09256957658483,0.00684370652593298,0.0018158054179306703,False
exposure_exp_hybrid,fixed_groups,13.0,Cantabria,low,0,poverty_gap,166030,16,head_age_group;head_sex;head_education_group;n_adults_group;n_children_group,preferred_demographic,medium,0.00951838817136589,0.005219181876681044,-0.001606034667879742,0.020642811010611523,0.0881788404677728,0.008974993213925982,0.0005433949574399077,False
exposure_exp_hybrid,fixed_groups,13.0,Cantabria,low,0,poverty_gap,166030,16,head_age_group;head_sex;head_education_group;n_adults_group;n_children_group,preferred_demographic,high,-0.000254349648876296,0.004001562695734188,-0.008783478638227883,0.008274779340475292,0.9501578406252604,-0.0008087280049758243,0.0005543783560995282,False
exposure_exp_hybrid,fixed_groups,13.0,Cantabria,low,0,poverty_gap_sq,166030,16,head_age_group;head_sex;head_education_group;n_adults_group;n_children_group,preferred_demographic,medium,0.006148134326277569,0.0036813424190710493,-0.0016984612999013451,0.013994729952456483,0.11563299285244066,0.005788382183317716,0.0003597521429598528,False
exposure_exp_hybrid,fixed_groups,13.0,Cantabria,low,0,poverty_gap_sq,166030,16,head_age_group;head_sex;head_education_group;n_adults_group;n_children_group,preferred_demographic,high,-0.00020830146586860157,0.003361872271762042,-0.007373962591745818,0.006957359660008614,0.9514127890212944,-0.0005736414836981025,0.0003653400178295009,False
exposure_exp_hybrid,reranked_groups,13.0,Cantabria,low,2,poverty,166030,16,head_age_group;head_sex;head_education_group;n_adults_group;n_children_group,preferred_demographic,medium,0.013979070110681346,0.00994649302850177,-0.00722137793483223,0.035179518156194925,0.18026740579929745,0.022828292486914408,0.008849222376233062,False
exposure_exp_hybrid,reranked_groups,13.0,Cantabria,low,2,poverty,166030,16,head_age_group;head_sex;head_education_group;n_adults_group;n_children_group,preferred_demographic,high,-0.0003512084011668596,0.009080610522858398,-0.01970607157351871,0.019003654771184993,0.9696581873757268,0.0025785198462222637,0.0029297282473891234,True
exposure_exp_hybrid,reranked_groups,13.0,Cantabria,low,2,matdep,166030,16,head_age_group;head_sex;head_education_group;n_adults_group;n_children_group,preferred_demographic,medium,0.004618531479009316,0.0037339540586209035,-0.0033402032023792895,0.01257726616039792,0.23513978326796603,-0.00045243895348042666,0.005070970432489743,True
exposure_exp_hybrid,reranked_groups,13.0,Cantabria,low,2,matdep,166030,16,head_age_group;head_sex;head_education_group;n_adults_group;n_children_group,preferred_demographic,high,0.0074901809859457755,0.00533910728153549,-0.0038898568029779364,0.01887021877486949,0.1810086180174424,0.00684370652593298,0.0006464744600127954,False
exposure_exp_hybrid,reranked_groups,13.0,Cantabria,low,2,poverty_gap,166030,16,head_age_group;head_sex;head_education_group;n_adults_group;n_children_group,preferred_demographic,medium,0.0037709725352739216,0.0060002290461593395,-0.00901821293841697,0.016560158008964813,0.5391477028040568,0.008974993213925982,0.00520402067865206,False
exposure_exp_hybrid,reranked_groups,13.0,Cantabria,low,2,poverty_gap,166030,16,head_age_group;head_sex;head_education_group;n_adults_group;n_children_group,preferred_demographic,high,-0.0012638886162068734,0.004436099655284499,-0.010719211210520897,0.00819143397810715,0.7796091934058236,-0.0008087280049758243,0.0004551606112310491,False
exposure_exp_hybrid,reranked_groups,13.0,Cantabria,low,2,poverty_gap_sq,166030,16,head_age_group;head_sex;head_education_group;n_adults_group;n_children_group,preferred_demographic,medium,0.0018679801920641994,0.004330907573718164,-0.007363130787798773,0.011099091171927172,0.6723747636905211,0.005788382183317716,0.003920401991253516,False
exposure_exp_hybrid,reranked_groups,13.0,Cantabria,low,2,poverty_gap_sq,166030,16,head_age_group;head_sex;head_education_group;n_adults_group;n_children_group,preferred_demographic,high,-0.0006121588811011108,0.003641752663792627,-0.008374370941383009,0.007150053179180787,0.8687543569098652,-0.0005736414836981025,3.851739740300835e-05,False
exposure_exp_hybrid,fixed_groups,21.0,País Vasco,high,0,poverty,162734,16,head_age_group;head_sex;head_education_group;n_adults_group;n_children_group,preferred_demographic,medium,0.022732282107704716,0.008466967867418162,0.004685367294427048,0.040779196920982384,0.01696722264988315,0.022828292486914408,9.601037920969197e-05,False
exposure_exp_hybrid,fixed_groups,21.0,País Vasco,high,0,poverty,162734,16,head_age_group;head_sex;head_education_group;n_adults_group;n_children_group,preferred_demographic,high,0.0006296835986249668,0.008554343992979184,-0.017603469017772513,0.01886283621502245,0.9422935062477242,0.0025785198462222637,0.001948836247597297,False
exposure_exp_hybrid,fixed_groups,21.0,País Vasco,high,0,matdep,162734,16,head_age_group;head_sex;head_education_group;n_adults_group;n_children_group,preferred_demographic,medium,-0.0004546943904228347,0.002702510145905027,-0.006214958412782789,0.005305569631937119,0.8686350625667265,-0.00045243895348042666,2.2554369424080344e-06,False
exposure_exp_hybrid,fixed_groups,21.0,País Vasco,high,0,matdep,162734,16,head_age_group;head_sex;head_education_group;n_adults_group;n_children_group,preferred_demographic,high,0.011177228306889032,0.0030730951494015446,0.004627081047235158,0.017727375566542906,0.0024332233466277664,0.00684370652593298,0.004333521780956052,False
exposure_exp_hybrid,fixed_groups,21.0,País Vasco,high,0,poverty_gap,162734,16,head_age_group;head_sex;head_education_group;n_adults_group;n_children_group,preferred_demographic,medium,0.008939022054642249,0.005183887793647389,-0.0021101732273603475,0.019988217336644847,0.1051780550872039,0.008974993213925982,3.5971159283733e-05,False
exposure_exp_hybrid,fixed_groups,21.0,País Vasco,high,0,poverty_gap,162734,16,head_age_group;head_sex;head_education_group;n_adults_group;n_children_group,preferred_demographic,high,-0.000782715077831783,0.004469594095609534,-0.010309429381755381,0.008743999226091816,0.8633273440299063,-0.0008087280049758243,2.601292714404129e-05,False
exposure_exp_hybrid,fixed_groups,21.0,País Vasco,high,0,poverty_gap_sq,162734,16,head_age_group;head_sex;head_education_group;n_adults_group;n_children_group,preferred_demographic,medium,0.005768321364706573,0.003650785293155227,-0.0020131432893254484,0.013549786018738595,0.13495435315315918,0.005788382183317716,2.0060818611142978e-05,False
exposure_exp_hybrid,fixed_groups,21.0,País Vasco,high,0,poverty_gap_sq,162734,16,head_age_group;head_sex;head_education_group;n_adults_group;n_children_group,preferred_demographic,high,8.529765446921985e-05,0.0036727679466530177,-0.007743021916370866,0.007913617225309305,0.9817774516422304,-0.0005736414836981025,0.0006589391381673223,True
exposure_exp_hybrid,reranked_groups,21.0,País Vasco,high,0,poverty,162734,16,head_age_group;head_sex;head_education_group;n_adults_group;n_children_group,preferred_demographic,medium,0.022732282107704716,0.008466967867418162,0.004685367294427048,0.040779196920982384,0.01696722264988315,0.022828292486914408,9.601037920969197e-05,False
exposure_exp_hybrid,reranked_groups,21.0,País Vasco,high,0,poverty,162734,16,head_age_group;head_sex;head_education_group;n_adults_group;n_children_group,preferred_demographic,high,0.0006296835986249668,0.008554343992979184,-0.017603469017772513,0.01886283621502245,0.9422935062477242,0.0025785198462222637,0.001948836247597297,False
exposure_exp_hybrid,reranked_groups,21.0,País Vasco,high,0,matdep,162734,16,head_age_group;head_sex;head_education_group;n_adults_group;n_children_group,preferred_demographic,medium,-0.0004546943904228347,0.002702510145905027,-0.006214958412782789,0.005305569631937119,0.8686350625667265,-0.00045243895348042666,2.2554369424080344e-06,False
exposure_exp_hybrid,reranked_groups,21.0,País Vasco,high,0,matdep,162734,16,head_age_group;head_sex;head_education_group;n_adults_group;n_children_group,preferred_demographic,high,0.011177228306889032,0.0030730951494015446,0.004627081047235158,0.017727375566542906,0.0024332233466277664,0.00684370652593298,0.004333521780956052,False
exposure_exp_hybrid,reranked_groups,21.0,País Vasco,high,0,poverty_gap,162734,16,head_age_group;head_sex;head_education_group;n_adults_group;n_children_group,preferred_demographic,medium,0.008939022054642249,0.005183887793647389,-0.0021101732273603475,0.019988217336644847,0.1051780550872039,0.008974993213925982,3.5971159283733e-05,False
exposure_exp_hybrid,reranked_groups,21.0,País Vasco,high,0,poverty_gap,162734,16,head_age_group;head_sex;head_education_group;n_adults_group;n_children_group,preferred_demographic,high,-0.000782715077831783,0.004469594095609534,-0.010309429381755381,0.008743999226091816,0.8633273440299063,-0.0008087280049758243,2.601292714404129e-05,False
exposure_exp_hybrid,reranked_groups,21.0,País Vasco,high,0,poverty_gap_sq,162734,16,head_age_group;head_sex;head_education_group;n_adults_group;n_children_group,preferred_demographic,medium,0.005768321364706573,0.003650785293155227,-0.0020131432893254484,0.013549786018738595,0.13495435315315918,0.005788382183317716,2.0060818611142978e-05,False
exposure_exp_hybrid,reranked_groups,21.0,País Vasco,high,0,poverty_gap_sq,162734,16,head_age_group;head_sex;head_education_group;n_adults_group;n_children_group,preferred_demographic,high,8.529765446921985e-05,0.0036727679466530177,-0.007743021916370866,0.007913617225309305,0.9817774516422304,-0.0005736414836981025,0.0006589391381673223,True
exposure_exp_hybrid,fixed_groups,22.0,Comunidad Foral de Navarra,medium,0,poverty,166494,16,head_age_group;head_sex;head_education_group;n_adults_group;n_children_group,preferred_demographic,medium,0.018938504656504183,0.00865121911089927,0.000498867614039885,0.037378141698968484,0.0448163858250854,0.022828292486914408,0.0038897878304102254,False
exposure_exp_hybrid,fixed_groups,22.0,Comunidad Foral de Navarra,medium,0,poverty,166494,16,head_age_group;head_sex;head_education_group;n_adults_group;n_children_group,preferred_demographic,high,0.002559363957709427,0.007723755332593787,-0.013903430835962495,0.01902215875138135,0.744954736540345,0.0025785198462222637,1.9155888512836523e-05,False
exposure_exp_hybrid,fixed_groups,22.0,Comunidad Foral de Navarra,medium,0,matdep,166494,16,head_age_group;head_sex;head_education_group;n_adults_group;n_children_group,preferred_demographic,medium,-0.0006589158848987215,0.0028220803563407055,-0.0066740377779542885,0.0053562060081568455,0.8185405736878928,-0.00045243895348042666,0.00020647693141829485,False
exposure_exp_hybrid,fixed_groups,22.0,Comunidad Foral de Navarra,medium,0,matdep,166494,16,head_age_group;head_sex;head_education_group;n_adults_group;n_children_group,preferred_demographic,high,0.006821068001163595,0.005209108336187836,-0.004281883594775609,0.017924019597102797,0.21008521138730551,0.00684370652593298,2.2638524769385236e-05,False
exposure_exp_hybrid,fixed_groups,22.0,Comunidad Foral de Navarra,medium,0,poverty_gap,166494,16,head_age_group;head_sex;head_education_group;n_adults_group;n_children_group,preferred_demographic,medium,0.0062136410006245904,0.004978421006220945,-0.004397612190690286,0.016824894191939468,0.23112090624725345,0.008974993213925982,0.002761352213301391,False
exposure_exp_hybrid,fixed_groups,22.0,Comunidad Foral de Navarra,medium,0,poverty_gap,166494,16,head_age_group;head_sex;head_education_group;n_adults_group;n_children_group,preferred_demographic,high,-0.0008121573823141404,0.003961545321949944,-0.009255991358498805,0.0076316765938705235,0.8403201485865353,-0.0008087280049758243,3.429377338316081e-06,False
exposure_exp_hybrid,fixed_groups,22.0,Comunidad Foral de Navarra,medium,0,poverty_gap_sq,166494,16,head_age_group;head_sex;head_education_group;n_adults_group;n_children_group,preferred_demographic,medium,0.0039939674649288,0.0035813846558243752,-0.0036395732322028196,0.011627508162060419,0.2823125972675178,0.005788382183317716,0.0017944147183889163,False
exposure_exp_hybrid,fixed_groups,22.0,Comunidad Foral de Navarra,medium,0,poverty_gap_sq,166494,16,head_age_group;head_sex;head_education_group;n_adults_group;n_children_group,preferred_demographic,high,-0.000574178518091698,0.003333261513716157,-0.007678857256733892,0.006530500220550496,0.8655378880551083,-0.0005736414836981025,5.370343935955004e-07,False
exposure_exp_hybrid,reranked_groups,22.0,Comunidad Foral de Navarra,medium,1,poverty,166494,16,head_age_group;head_sex;head_education_group;n_adults_group;n_children_group,preferred_demographic,medium,0.01592997483343921,0.00765818620940578,-0.0003930626824108843,0.0322530123492893,0.055073844350662204,0.022828292486914408,0.006898317653475199,False
exposure_exp_hybrid,reranked_groups,22.0,Comunidad Foral de Navarra,medium,1,poverty,166494,16,head_age_group;head_sex;head_education_group;n_adults_group;n_children_group,preferred_demographic,high,0.002415953591361004,0.00852722416543589,-0.015759394480943666,0.020591301663665674,0.7808025463279984,0.0025785198462222637,0.00016256625486125954,False
exposure_exp_hybrid,reranked_groups,22.0,Comunidad Foral de Navarra,medium,1,matdep,166494,16,head_age_group;head_sex;head_education_group;n_adults_group;n_children_group,preferred_demographic,medium,0.002382602521979083,0.0038579863822406526,-0.005840500799223561,0.010605705843181726,0.5461165182049843,-0.00045243895348042666,0.0028350414754595094,True
exposure_exp_hybrid,reranked_groups,22.0,Comunidad Foral de Navarra,medium,1,matdep,166494,16,head_age_group;head_sex;head_education_group;n_adults_group;n_children_group,preferred_demographic,high,0.005864833851770601,0.0057089519872140495,-0.006303509266999365,0.018033176970540566,0.32055900241124924,0.00684370652593298,0.0009788726741623791,False
exposure_exp_hybrid,reranked_groups,22.0,Comunidad Foral de Navarra,medium,1,poverty_gap,166494,16,head_age_group;head_sex;head_education_group;n_adults_group;n_children_group,preferred_demographic,medium,0.0040144678341154484,0.004664365231032704,-0.0059273913178940285,0.013956326986124926,0.402968970841064,0.008974993213925982,0.004960525379810533,False
exposure_exp_hybrid,reranked_groups,22.0,Comunidad Foral de Navarra,medium,1,poverty_gap,166494,16,head_age_group;head_sex;head_education_group;n_adults_group;n_children_group,preferred_demographic,high,-0.000316934013824186,0.004263009079504681,-0.009403322779051638,0.008769454751403265,0.941718164871354,-0.0008087280049758243,0.0004917939911516383,False
exposure_exp_hybrid,reranked_groups,22.0,Comunidad Foral de Navarra,medium,1,poverty_gap_sq,166494,16,head_age_group;head_sex;head_education_group;n_adults_group;n_children_group,preferred_demographic,medium,0.0021421653796888825,0.0035139280063864386,-0.005347594872653262,0.009631925632031028,0.551236139183797,0.005788382183317716,0.0036462168036288335,False
exposure_exp_hybrid,reranked_groups,22.0,Comunidad Foral de Navarra,medium,1,poverty_gap_sq,166494,16,head_age_group;head_sex;head_education_group;n_adults_group;n_children_group,preferred_demographic,high,6.315445328850059e-06,0.003556082551854136,-0.007573295093793697,0.007585925984451397,0.9986063970540613,-0.0005736414836981025,0.0005799569290269526,True
exposure_exp_hybrid,fixed_groups,23.0,La Rioja,medium,0,poverty,166634,16,head_age_group;head_sex;head_education_group;n_adults_group;n_children_group,preferred_demographic,medium,0.019227340188433608,0.00879238596029357,0.00048681312897972534,0.03796786724788749,0.045012946456847835,0.022828292486914408,0.0036009522984808,False
exposure_exp_hybrid,fixed_groups,23.0,La Rioja,medium,0,poverty,166634,16,head_age_group;head_sex;head_education_group;n_adults_group;n_children_group,preferred_demographic,high,0.002516982414021482,0.007728187545421796,-0.013955259417668526,0.01898922424571149,0.7491590128258567,0.0025785198462222637,6.153743220078164e-05,False
exposure_exp_hybrid,fixed_groups,23.0,La Rioja,medium,0,matdep,166634,16,head_age_group;head_sex;head_education_group;n_adults_group;n_children_group,preferred_demographic,medium,0.000507646280772063,0.0026532197911641416,-0.00514755783737495,0.006162850398919077,0.850831161654704,-0.00045243895348042666,0.0009600852342524896,True
exposure_exp_hybrid,fixed_groups,23.0,La Rioja,medium,0,matdep,166634,16,head_age_group;head_sex;head_education_group;n_adults_group;n_children_group,preferred_demographic,high,0.006834677287630661,0.005211382182565281,-0.004273120897136421,0.017942475472397745,0.20941261385635235,0.00684370652593298,9.029238302318658e-06,False
exposure_exp_hybrid,fixed_groups,23.0,La Rioja,medium,0,poverty_gap,166634,16,head_age_group;head_sex;head_education_group;n_adults_group;n_children_group,preferred_demographic,medium,0.009010866307076112,0.00593947061282324,-0.003648815631491626,0.02167054824564385,0.15002802422510197,0.008974993213925982,3.587309315013047e-05,False
exposure_exp_hybrid,fixed_groups,23.0,La Rioja,medium,0,poverty_gap,166634,16,head_age_group;head_sex;head_education_group;n_adults_group;n_children_group,preferred_demographic,high,-0.0008337484213370866,0.00396310905350895,-0.009280915412442572,0.0076134185697683985,0.8362041966086227,-0.0008087280049758243,2.5020416361262255e-05,False
exposure_exp_hybrid,fixed_groups,23.0,La Rioja,medium,0,poverty_gap_sq,166634,16,head_age_group;head_sex;head_education_group;n_adults_group;n_children_group,preferred_demographic,medium,0.006440686961078289,0.0041246938095912565,-0.002350889784948216,0.015232263707104794,0.139254274967046,0.005788382183317716,0.0006523047777605732,False
exposure_exp_hybrid,fixed_groups,23.0,La Rioja,medium,0,poverty_gap_sq,166634,16,head_age_group;head_sex;head_education_group;n_adults_group;n_children_group,preferred_demographic,high,-0.0005905452175492173,0.003334073345685809,-0.0076969543350741965,0.0065158638999757625,0.8617803387757415,-0.0005736414836981025,1.690373385111483e-05,False
exposure_exp_hybrid,reranked_groups,23.0,La Rioja,medium,1,poverty,166634,16,head_age_group;head_sex;head_education_group;n_adults_group;n_children_group,preferred_demographic,medium,0.016151854736833646,0.007773488177135135,-0.0004169431057353297,0.032720652579402626,0.055313038705839146,0.022828292486914408,0.006676437750080762,False
exposure_exp_hybrid,reranked_groups,23.0,La Rioja,medium,1,poverty,166634,16,head_age_group;head_sex;head_education_group;n_adults_group;n_children_group,preferred_demographic,high,0.0023756847881302567,0.008532447334943759,-0.01581079620644834,0.02056216578270885,0.7844842623468646,0.0025785198462222637,0.00020283505809200707,False
exposure_exp_hybrid,reranked_groups,23.0,La Rioja,medium,1,matdep,166634,16,head_age_group;head_sex;head_education_group;n_adults_group;n_children_group,preferred_demographic,medium,0.003322382364702985,0.003701742458473065,-0.004567694916188757,0.011212459645594728,0.3836220622594724,-0.00045243895348042666,0.0037748213181834113,True
exposure_exp_hybrid,reranked_groups,23.0,La Rioja,medium,1,matdep,166634,16,head_age_group;head_sex;head_education_group;n_adults_group;n_children_group,preferred_demographic,high,0.005876337472886682,0.00571158587719073,-0.006297619649477133,0.018050294595250496,0.31985794532871314,0.00684370652593298,0.0009673690530462983,False
exposure_exp_hybrid,reranked_groups,23.0,La Rioja,medium,1,poverty_gap,166634,16,head_age_group;head_sex;head_education_group;n_adults_group;n_children_group,preferred_demographic,medium,0.0062540037071648815,0.005456218791923323,-0.005375651357354794,0.017883658771684557,0.2696628481987744,0.008974993213925982,0.0027209895067611,False
exposure_exp_hybrid,reranked_groups,23.0,La Rioja,medium,1,poverty_gap,166634,16,head_age_group;head_sex;head_education_group;n_adults_group;n_children_group,preferred_demographic,high,-0.0003375809075191558,0.004264534430528263,-0.00942722088149264,0.008752059066454328,0.9379517022410595,-0.0008087280049758243,0.00047114709745666854,False
exposure_exp_hybrid,reranked_groups,23.0,La Rioja,medium,1,poverty_gap_sq,166634,16,head_age_group;head_sex;head_education_group;n_adults_group;n_children_group,preferred_demographic,medium,0.004100635108283541,0.003997098698684753,-0.004418979096585648,0.01262024931315273,0.3211980208437044,0.005788382183317716,0.001687747075034175,False
exposure_exp_hybrid,reranked_groups,23.0,La Rioja,medium,1,poverty_gap_sq,166634,16,head_age_group;head_sex;head_education_group;n_adults_group;n_children_group,preferred_demographic,high,-8.672296130436092e-06,0.00355660594836997,-0.0075893984285188044,0.007572053836257931,0.9980866032005142,-0.0005736414836981025,0.0005649691875676664,False
exposure_exp_hybrid,fixed_groups,24.0,Aragón,low,0,poverty,164287,16,head_age_group;head_sex;head_education_group;n_adults_group;n_children_group,preferred_demographic,medium,0.02234681502998747,0.008553613920306966,0.004115218526655414,0.04057841153331952,0.01960253363668807,0.022828292486914408,0.00048147745692693825,False
exposure_exp_hybrid,fixed_groups,24.0,Aragón,low,0,poverty,164287,16,head_age_group;head_sex;head_education_group;n_adults_group;n_children_group,preferred_demographic,high,0.0021331643500922975,0.007796412069035304,-0.014484494611449754,0.01875082331163435,0.7881170687584549,0.0025785198462222637,0.00044535549612996625,False
exposure_exp_hybrid,fixed_groups,24.0,Aragón,low,0,matdep,164287,16,head_age_group;head_sex;head_education_group;n_adults_group;n_children_group,preferred_demographic,medium,0.0001704733894105383,0.002696008099903766,-0.0055759318499548184,0.0059168786287758955,0.9504168661736436,-0.00045243895348042666,0.000622912342890965,True
exposure_exp_hybrid,fixed_groups,24.0,Aragón,low,0,matdep,164287,16,head_age_group;head_sex;head_education_group;n_adults_group;n_children_group,preferred_demographic,high,0.007489657155793392,0.005209623090023477,-0.0036143916119748647,0.01859370592356165,0.17106510158409938,0.00684370652593298,0.0006459506298604123,False
exposure_exp_hybrid,fixed_groups,24.0,Aragón,low,0,poverty_gap,164287,16,head_age_group;head_sex;head_education_group;n_adults_group;n_children_group,preferred_demographic,medium,0.009376703286154026,0.005251183770111178,-0.0018159299743003166,0.02056933654660837,0.09438683444836915,0.008974993213925982,0.0004017100722280443,False
exposure_exp_hybrid,fixed_groups,24.0,Aragón,low,0,poverty_gap,164287,16,head_age_group;head_sex;head_education_group;n_adults_group;n_children_group,preferred_demographic,high,-0.0003974636630496653,0.004042700983425543,-0.009014276837006098,0.008219349510906769,0.9229828717519621,-0.0008087280049758243,0.00041126434192615904,False
exposure_exp_hybrid,fixed_groups,24.0,Aragón,low,0,poverty_gap_sq,164287,16,head_age_group;head_sex;head_education_group;n_adults_group;n_children_group,preferred_demographic,medium,0.006163542067574344,0.003695999292460133,-0.0017142939447290602,0.014041378079877747,0.11612603920196518,0.005788382183317716,0.0003751598842566279,False
exposure_exp_hybrid,fixed_groups,24.0,Aragón,low,0,poverty_gap_sq,164287,16,head_age_group;head_sex;head_education_group;n_adults_group;n_children_group,preferred_demographic,high,-0.00019311158411038662,0.003379559795827638,-0.007396472775119295,0.0070102496068985215,0.9551870712166799,-0.0005736414836981025,0.00038052989958771584,False
exposure_exp_hybrid,reranked_groups,24.0,Aragón,low,2,poverty,164287,16,head_age_group;head_sex;head_education_group;n_adults_group;n_children_group,preferred_demographic,medium,0.012991155863939898,0.009979825098494806,-0.008280337807012901,0.0342626495348927,0.2126421249133863,0.022828292486914408,0.00983713662297451,False
exposure_exp_hybrid,reranked_groups,24.0,Aragón,low,2,poverty,164287,16,head_age_group;head_sex;head_education_group;n_adults_group;n_children_group,preferred_demographic,high,-0.001345719485576609,0.009126278096232041,-0.02079792078644253,0.018106481815289312,0.8847362948438868,0.0025785198462222637,0.003924239331798873,True
exposure_exp_hybrid,reranked_groups,24.0,Aragón,low,2,matdep,164287,16,head_age_group;head_sex;head_education_group;n_adults_group;n_children_group,preferred_demographic,medium,0.0035817472368986727,0.004121456547180287,-0.005202929447633113,0.012366423921430458,0.3985129082534491,-0.00045243895348042666,0.004034186190379099,True
exposure_exp_hybrid,reranked_groups,24.0,Aragón,low,2,matdep,164287,16,head_age_group;head_sex;head_education_group;n_adults_group;n_children_group,preferred_demographic,high,0.006465865349701005,0.00560604144944864,-0.0054831291501155665,0.018414859849517577,0.2668046978847767,0.00684370652593298,0.0003778411762319755,False
exposure_exp_hybrid,reranked_groups,24.0,Aragón,low,2,poverty_gap,164287,16,head_age_group;head_sex;head_education_group;n_adults_group;n_children_group,preferred_demographic,medium,0.003627963644999092,0.006029267001396686,-0.009223114765186427,0.016479042055184613,0.5563430339589583,0.008974993213925982,0.00534702956892689,False
exposure_exp_hybrid,reranked_groups,24.0,Aragón,low,2,poverty_gap,164287,16,head_age_group;head_sex;head_education_group;n_adults_group;n_children_group,preferred_demographic,high,-0.0014170019599467518,0.004478063570231255,-0.010961768521703948,0.008127764601810444,0.7560355371627869,-0.0008087280049758243,0.0006082739549709275,False
exposure_exp_hybrid,reranked_groups,24.0,Aragón,low,2,poverty_gap_sq,164287,16,head_age_group;head_sex;head_education_group;n_adults_group;n_children_group,preferred_demographic,medium,0.00187027820108208,0.004343486034314758,-0.007387643132903345,0.011128199535067504,0.6728867739385151,0.005788382183317716,0.003918103982235636,False
exposure_exp_hybrid,reranked_groups,24.0,Aragón,low,2,poverty_gap_sq,164287,16,head_age_group;head_sex;head_education_group;n_adults_group;n_children_group,preferred_demographic,high,-0.0006164757218918277,0.0036604221863939133,-0.008418480927638056,0.0071855294838544005,0.8685054771464757,-0.0005736414836981025,4.283423819372522e-05,False
exposure_exp_hybrid,fixed_groups,30.0,Comunidad de Madrid,low,0,poverty,154296,16,head_age_group;head_sex;head_education_group;n_adults_group;n_children_group,preferred_demographic,medium,0.021004262317883077,0.00843446308631894,0.003026629805507868,0.03898189483025828,0.024979761951492208,0.022828292486914408,0.0018240301690313314,False
exposure_exp_hybrid,fixed_groups,30.0,Comunidad de Madrid,low,0,poverty,154296,16,head_age_group;head_sex;head_education_group;n_adults_group;n_children_group,preferred_demographic,high,0.000752480794253282,0.007688210594845345,-0.015634552184297684,0.017139513772804246,0.9233277269622229,0.0025785198462222637,0.0018260390519689819,False
exposure_exp_hybrid,fixed_groups,30.0,Comunidad de Madrid,low,0,matdep,154296,16,head_age_group;head_sex;head_education_group;n_adults_group;n_children_group,preferred_demographic,medium,-0.0010827433807941344,0.0032758833061176823,-0.008065123364925524,0.005899636603337256,0.7455789316321546,-0.00045243895348042666,0.0006303044273137078,False
exposure_exp_hybrid,fixed_groups,30.0,Comunidad de Madrid,low,0,matdep,154296,16,head_age_group;head_sex;head_education_group;n_adults_group;n_children_group,preferred_demographic,high,0.006235000166405876,0.0055517572986478365,-0.0055982904048552246,0.018068290737666977,0.27906301089936725,0.00684370652593298,0.0006087063595271039,False
exposure_exp_hybrid,fixed_groups,30.0,Comunidad de Madrid,low,0,poverty_gap,154296,16,head_age_group;head_sex;head_education_group;n_adults_group;n_children_group,preferred_demographic,medium,0.006741177855692919,0.004866297166497827,-0.003631089028397699,0.01711344473978354,0.18622318776749114,0.008974993213925982,0.0022338153582330622,False
exposure_exp_hybrid,fixed_groups,30.0,Comunidad de Madrid,low,0,poverty_gap,154296,16,head_age_group;head_sex;head_education_group;n_adults_group;n_children_group,preferred_demographic,high,-0.003059136361443264,0.0035367736587733193,-0.010597590969183442,0.004479318246296914,0.4006874462049064,-0.0008087280049758243,0.0022504083564674395,False
exposure_exp_hybrid,fixed_groups,30.0,Comunidad de Madrid,low,0,poverty_gap_sq,154296,16,head_age_group;head_sex;head_education_group;n_adults_group;n_children_group,preferred_demographic,medium,0.0039092942367487974,0.003388749045301656,-0.0033136533758755422,0.011132241849373137,0.2667111374561508,0.005788382183317716,0.0018790879465689185,False
exposure_exp_hybrid,fixed_groups,30.0,Comunidad de Madrid,low,0,poverty_gap_sq,154296,16,head_age_group;head_sex;head_education_group;n_adults_group;n_children_group,preferred_demographic,high,-0.002467273948189141,0.003047750688735818,-0.008963400768674594,0.004028852872296313,0.4308601769465321,-0.0005736414836981025,0.0018936324644910386,False
exposure_exp_hybrid,reranked_groups,30.0,Comunidad de Madrid,low,2,poverty,154296,16,head_age_group;head_sex;head_education_group;n_adults_group;n_children_group,preferred_demographic,medium,0.011400238679637666,0.009988992793364989,-0.009890795470380017,0.03269127282965535,0.271646836006078,0.022828292486914408,0.011428053807276742,False
exposure_exp_hybrid,reranked_groups,30.0,Comunidad de Madrid,low,2,poverty,154296,16,head_age_group;head_sex;head_education_group;n_adults_group;n_children_group,preferred_demographic,high,-0.002984835549496092,0.009159193969732369,-0.02250719537397599,0.016537524274983804,0.7490140113154147,0.0025785198462222637,0.005563355395718356,True
exposure_exp_hybrid,reranked_groups,30.0,Comunidad de Madrid,low,2,matdep,154296,16,head_age_group;head_sex;head_education_group;n_adults_group;n_children_group,preferred_demographic,medium,0.002507240349675504,0.004377988932162768,-0.006824222170248557,0.011838702869599566,0.5753376326144974,-0.00045243895348042666,0.0029596793031559307,True
exposure_exp_hybrid,reranked_groups,30.0,Comunidad de Madrid,low,2,matdep,154296,16,head_age_group;head_sex;head_education_group;n_adults_group;n_children_group,preferred_demographic,high,0.005386486648659537,0.005819491749393032,-0.0070174663959731085,0.017790439693292182,0.36930969921276424,0.00684370652593298,0.0014572198772734432,False
exposure_exp_hybrid,reranked_groups,30.0,Comunidad de Madrid,low,2,poverty_gap,154296,16,head_age_group;head_sex;head_education_group;n_adults_group;n_children_group,preferred_demographic,medium,0.0011417068577481483,0.005800830947348694,-0.01122247162884731,0.013505885344343606,0.846612045487773,0.008974993213925982,0.007833286356177834,False
exposure_exp_hybrid,reranked_groups,30.0,Comunidad de Madrid,low,2,poverty_gap,154296,16,head_age_group;head_sex;head_education_group;n_adults_group;n_children_group,preferred_demographic,high,-0.003906870847471318,0.004182265018280933,-0.01282115772009676,0.005007416025154125,0.3650206815083643,-0.0008087280049758243,0.0030981428424954934,False
exposure_exp_hybrid,reranked_groups,30.0,Comunidad de Madrid,low,2,poverty_gap_sq,154296,16,head_age_group;head_sex;head_education_group;n_adults_group;n_children_group,preferred_demographic,medium,-0.0002172506361112865,0.004154030466088368,-0.009071356985296803,0.008636855713074229,0.9589807788895182,0.005788382183317716,0.006005632819429002,True
exposure_exp_hybrid,reranked_groups,30.0,Comunidad de Madrid,low,2,poverty_gap_sq,154296,16,head_age_group;head_sex;head_education_group;n_adults_group;n_children_group,preferred_demographic,high,-0.002704039279981591,0.0034484583085697797,-0.010054254174664481,0.004646175614701299,0.44517076087618856,-0.0005736414836981025,0.0021303977962834884,False
exposure_exp_hybrid,fixed_groups,41.0,Castilla y León,medium,0,poverty,160917,16,head_age_group;head_sex;head_education_group;n_adults_group;n_children_group,preferred_demographic,medium,0.02083654793999023,0.011675346030208327,-0.004048863050350442,0.0457219589303309,0.09455049268553228,0.022828292486914408,0.0019917445469241797,False
exposure_exp_hybrid,fixed_groups,41.0,Castilla y León,medium,0,poverty,160917,16,head_age_group;head_sex;head_education_group;n_adults_group;n_children_group,preferred_demographic,high,0.002605570367352378,0.00773370854422127,-0.013878439194719804,0.01908957992942456,0.7408517923775773,0.0025785198462222637,2.705052113011414e-05,False
exposure_exp_hybrid,fixed_groups,41.0,Castilla y León,medium,0,matdep,160917,16,head_age_group;head_sex;head_education_group;n_adults_group;n_children_group,preferred_demographic,medium,-0.0006708605819652977,0.003078789899513842,-0.007233145914158105,0.00589142475022751,0.8304454706488478,-0.00045243895348042666,0.00021842162848487103,False
exposure_exp_hybrid,fixed_groups,41.0,Castilla y León,medium,0,matdep,160917,16,head_age_group;head_sex;head_education_group;n_adults_group;n_children_group,preferred_demographic,high,0.006806377538795996,0.005206824338059663,-0.0042917058303708535,0.017904460907962848,0.21082800716066963,0.00684370652593298,3.73289871369838e-05,False
exposure_exp_hybrid,fixed_groups,41.0,Castilla y León,medium,0,poverty_gap,160917,16,head_age_group;head_sex;head_education_group;n_adults_group;n_children_group,preferred_demographic,medium,0.007703776977751632,0.0069926595183194325,-0.007200723974824564,0.022608277930327828,0.28795861820399926,0.008974993213925982,0.0012712162361743495,False
exposure_exp_hybrid,fixed_groups,41.0,Castilla y León,medium,0,poverty_gap,160917,16,head_age_group;head_sex;head_education_group;n_adults_group;n_children_group,preferred_demographic,high,-0.0008123014456823407,0.003965918507599664,-0.009265456646432751,0.007640853755068069,0.8404657442904289,-0.0008087280049758243,3.5734407065164068e-06,False
exposure_exp_hybrid,fixed_groups,41.0,Castilla y León,medium,0,poverty_gap_sq,160917,16,head_age_group;head_sex;head_education_group;n_adults_group;n_children_group,preferred_demographic,medium,0.004912977709579701,0.004853193850662526,-0.005431360117928439,0.015257315537087842,0.32743753210431903,0.005788382183317716,0.0008754044737380147,False
exposure_exp_hybrid,fixed_groups,41.0,Castilla y León,medium,0,poverty_gap_sq,160917,16,head_age_group;head_sex;head_education_group;n_adults_group;n_children_group,preferred_demographic,high,-0.0005831707267206558,0.0033361150517957675,-0.0076939316378058726,0.006527590184364561,0.8635702235822469,-0.0005736414836981025,9.529243022553344e-06,False
exposure_exp_hybrid,reranked_groups,41.0,Castilla y León,medium,1,poverty,160917,16,head_age_group;head_sex;head_education_group;n_adults_group;n_children_group,preferred_demographic,medium,0.01680620512182777,0.009492003377142682,-0.0034255211628348575,0.0370379314064904,0.09694754665789507,0.022828292486914408,0.006022087365086637,False
exposure_exp_hybrid,reranked_groups,41.0,Castilla y León,medium,1,poverty,160917,16,head_age_group;head_sex;head_education_group;n_adults_group;n_children_group,preferred_demographic,high,0.002465625416733382,0.008538074226641405,-0.015732849013597075,0.02066409984706384,0.7767022940574964,0.0025785198462222637,0.00011289442948888163,False
exposure_exp_hybrid,reranked_groups,41.0,Castilla y León,medium,1,matdep,160917,16,head_age_group;head_sex;head_education_group;n_adults_group;n_children_group,preferred_demographic,medium,0.002953383960843945,0.004260422918604664,-0.006127492532908422,0.012034260454596312,0.4987693500928225,-0.00045243895348042666,0.0034058229143243716,True
exposure_exp_hybrid,reranked_groups,41.0,Castilla y León,medium,1,matdep,160917,16,head_age_group;head_sex;head_education_group;n_adults_group;n_children_group,preferred_demographic,high,0.005850715413256114,0.005706067829865305,-0.006311480269643549,0.018012911096155777,0.32145038799568115,0.00684370652593298,0.0009929911126768665,False
exposure_exp_hybrid,reranked_groups,41.0,Castilla y León,medium,1,poverty_gap,160917,16,head_age_group;head_sex;head_education_group;n_adults_group;n_children_group,preferred_demographic,medium,0.004726730441669111,0.005887780401489944,-0.007822776419442385,0.017276237302780606,0.4346249056147864,0.008974993213925982,0.0042482627722568705,False
exposure_exp_hybrid,reranked_groups,41.0,Castilla y León,medium,1,poverty_gap,160917,16,head_age_group;head_sex;head_education_group;n_adults_group;n_children_group,preferred_demographic,high,-0.00031524633857813204,0.004267493172256804,-0.009411192721264344,0.008780700044108079,0.9420887078641553,-0.0008087280049758243,0.0004934816663976923,False
exposure_exp_hybrid,reranked_groups,41.0,Castilla y León,medium,1,poverty_gap_sq,160917,16,head_age_group;head_sex;head_education_group;n_adults_group;n_children_group,preferred_demographic,medium,0.002481779625037686,0.004267292916089303,-0.00661373992173131,0.011577299171806683,0.5694860144481542,0.005788382183317716,0.00330660255828003,False
exposure_exp_hybrid,reranked_groups,41.0,Castilla y León,medium,1,poverty_gap_sq,160917,16,head_age_group;head_sex;head_education_group;n_adults_group;n_children_group,preferred_demographic,high,-3.5362316554180474e-07,0.0035585669339032503,-0.00758525949727767,0.007584552250946587,0.9999220218870195,-0.0005736414836981025,0.0005732878605325607,False
exposure_exp_hybrid,fixed_groups,42.0,Castilla-La Mancha,medium,0,poverty,163624,16,head_age_group;head_sex;head_education_group;n_adults_group;n_children_group,preferred_demographic,medium,0.030732884367936746,0.006438149478823972,0.017010293587051483,0.044455475148822005,0.0002463449711753718,0.022828292486914408,0.007904591881022337,False
exposure_exp_hybrid,fixed_groups,42.0,Castilla-La Mancha,medium,0,poverty,163624,16,head_age_group;head_sex;head_education_group;n_adults_group;n_children_group,preferred_demographic,high,0.002622982030706874,0.007729504756432674,-0.013852067369793677,0.019098031431207425,0.7390530150911099,0.0025785198462222637,4.44621844846102e-05,False
exposure_exp_hybrid,fixed_groups,42.0,Castilla-La Mancha,medium,0,matdep,163624,16,head_age_group;head_sex;head_education_group;n_adults_group;n_children_group,preferred_demographic,medium,0.00010545545010501118,0.0029079796344811276,-0.006092756420306871,0.006303667320516894,0.9715499326132893,-0.00045243895348042666,0.0005578944035854378,True
exposure_exp_hybrid,fixed_groups,42.0,Castilla-La Mancha,medium,0,matdep,163624,16,head_age_group;head_sex;head_education_group;n_adults_group;n_children_group,preferred_demographic,high,0.006812953477645025,0.005212428793711102,-0.004297075505973194,0.017922982461263243,0.21087565782582796,0.00684370652593298,3.0753048287954915e-05,False
exposure_exp_hybrid,fixed_groups,42.0,Castilla-La Mancha,medium,0,poverty_gap,163624,16,head_age_group;head_sex;head_education_group;n_adults_group;n_children_group,preferred_demographic,medium,0.01404059041726376,0.0033492658444023967,0.006901799255253392,0.02117938157927413,0.0007852739966032196,0.008974993213925982,0.005065597203337779,False
exposure_exp_hybrid,fixed_groups,42.0,Castilla-La Mancha,medium,0,poverty_gap,163624,16,head_age_group;head_sex;head_education_group;n_adults_group;n_children_group,preferred_demographic,high,-0.0007907261778830773,0.00396407658683376,-0.009239955417454041,0.007658503061687887,0.8445716364091913,-0.0008087280049758243,1.8001827092747067e-05,False
exposure_exp_hybrid,fixed_groups,42.0,Castilla-La Mancha,medium,0,poverty_gap_sq,163624,16,head_age_group;head_sex;head_education_group;n_adults_group;n_children_group,preferred_demographic,medium,0.009048603191153344,0.0027555911326625215,0.003175199723691264,0.014922006658615424,0.005023772226145029,0.005788382183317716,0.0032602210078356278,False
exposure_exp_hybrid,fixed_groups,42.0,Castilla-La Mancha,medium,0,poverty_gap_sq,163624,16,head_age_group;head_sex;head_education_group;n_adults_group;n_children_group,preferred_demographic,high,-0.0005608238078463219,0.003336136880390316,-0.00767163124547947,0.006549983629786826,0.8687457184236647,-0.0005736414836981025,1.281767585178061e-05,False
exposure_exp_hybrid,reranked_groups,42.0,Castilla-La Mancha,medium,1,poverty,163624,16,head_age_group;head_sex;head_education_group;n_adults_group;n_children_group,preferred_demographic,medium,0.02482768093069453,0.007444176155151224,0.008960795047730535,0.040694566813658524,0.004520683310927476,0.022828292486914408,0.0019993884437801215,False
exposure_exp_hybrid,reranked_groups,42.0,Castilla-La Mancha,medium,1,poverty,163624,16,head_age_group;head_sex;head_education_group;n_adults_group;n_children_group,preferred_demographic,high,0.0024884577707258806,0.008532304318850839,-0.01569771839226645,0.020674633933718215,0.7745478870269902,0.0025785198462222637,9.006207549638314e-05,False
exposure_exp_hybrid,reranked_groups,42.0,Castilla-La Mancha,medium,1,matdep,163624,16,head_age_group;head_sex;head_education_group;n_adults_group;n_children_group,preferred_demographic,medium,0.0032967249736228664,0.003954096856535227,-0.005131232974338482,0.011724682921584215,0.4175020696727363,-0.00045243895348042666,0.0037491639271032932,True
exposure_exp_hybrid,reranked_groups,42.0,Castilla-La Mancha,medium,1,matdep,163624,16,head_age_group;head_sex;head_education_group;n_adults_group;n_children_group,preferred_demographic,high,0.005856567702985736,0.005712476662652627,-0.006319288083646032,0.018032423489617505,0.3215078369539679,0.00684370652593298,0.0009871388229472445,False
exposure_exp_hybrid,reranked_groups,42.0,Castilla-La Mancha,medium,1,poverty_gap,163624,16,head_age_group;head_sex;head_education_group;n_adults_group;n_children_group,preferred_demographic,medium,0.009900296367749029,0.004678070038423803,-7.077388974618959e-05,0.019871366625244247,0.05144889871423941,0.008974993213925982,0.0009253031538230469,False
exposure_exp_hybrid,reranked_groups,42.0,Castilla-La Mancha,medium,1,poverty_gap,163624,16,head_age_group;head_sex;head_education_group;n_adults_group;n_children_group,preferred_demographic,high,-0.0002934139729917757,0.004265226130676158,-0.009384528270931154,0.008797700324947604,0.9460637601461468,-0.0008087280049758243,0.0005153140319840487,False
exposure_exp_hybrid,reranked_groups,42.0,Castilla-La Mancha,medium,1,poverty_gap_sq,163624,16,head_age_group;head_sex;head_education_group;n_adults_group;n_children_group,preferred_demographic,medium,0.005896750294125427,0.0036951483167184302,-0.001979271906320042,0.013772772494570897,0.13138021750861184,0.005788382183317716,0.00010836811080771128,False
exposure_exp_hybrid,reranked_groups,42.0,Castilla-La Mancha,medium,1,poverty_gap_sq,163624,16,head_age_group;head_sex;head_education_group;n_adults_group;n_children_group,preferred_demographic,high,2.168562201362969e-05,0.003558642024022061,-0.007563380302898114,0.007606751546925373,0.9952181949414982,-0.0005736414836981025,0.0005953271057117321,True
exposure_exp_hybrid,fixed_groups,43.0,Extremadura,low,0,poverty,164451,16,head_age_group;head_sex;head_education_group;n_adults_group;n_children_group,preferred_demographic,medium,0.02149132117527964,0.008446488628020098,0.0034880568275103864,0.039494585523048895,0.022445326545715627,0.022828292486914408,0.0013369713116347694,False
exposure_exp_hybrid,fixed_groups,43.0,Extremadura,low,0,poverty,164451,16,head_age_group;head_sex;head_education_group;n_adults_group;n_children_group,preferred_demographic,high,0.0012362116495686967,0.0076733737990388635,-0.015119197447302982,0.017591620746440377,0.8741612296815457,0.0025785198462222637,0.001342308196653567,False
exposure_exp_hybrid,fixed_groups,43.0,Extremadura,low,0,matdep,164451,16,head_age_group;head_sex;head_education_group;n_adults_group;n_children_group,preferred_demographic,medium,-0.0013788285349015167,0.002941302542613923,-0.007648066502709776,0.004890409432906743,0.6459661680861322,-0.00045243895348042666,0.00092638958142109,False
exposure_exp_hybrid,fixed_groups,43.0,Extremadura,low,0,matdep,164451,16,head_age_group;head_sex;head_education_group;n_adults_group;n_children_group,preferred_demographic,high,0.005918099566227428,0.005350177681129343,-0.005485534220879767,0.017321733353334624,0.28608710564270945,0.00684370652593298,0.0009256069597055518,False
exposure_exp_hybrid,fixed_groups,43.0,Extremadura,low,0,poverty_gap,164451,16,head_age_group;head_sex;head_education_group;n_adults_group;n_children_group,preferred_demographic,medium,0.008901901181834234,0.005269172219059928,-0.0023290735499572456,0.02013287591362571,0.11180837659177545,0.008974993213925982,7.309203209174796e-05,False
exposure_exp_hybrid,fixed_groups,43.0,Extremadura,low,0,poverty_gap,164451,16,head_age_group;head_sex;head_education_group;n_adults_group;n_children_group,preferred_demographic,high,-0.0008688598549236418,0.004072781042685873,-0.009549787157520917,0.007812067447673633,0.8339394300201133,-0.0008087280049758243,6.0131849947817474e-05,False
exposure_exp_hybrid,fixed_groups,43.0,Extremadura,low,0,poverty_gap_sq,164451,16,head_age_group;head_sex;head_education_group;n_adults_group;n_children_group,preferred_demographic,medium,0.00609744354054303,0.0037082994812606147,-0.00180660970358946,0.01400149678467552,0.12091010590240758,0.005788382183317716,0.0003090613572253138,False
exposure_exp_hybrid,fixed_groups,43.0,Extremadura,low,0,poverty_gap_sq,164451,16,head_age_group;head_sex;head_education_group;n_adults_group;n_children_group,preferred_demographic,high,-0.0002538455936498057,0.0033904744789421135,-0.007480470881022991,0.00697277969372338,0.9413073482994958,-0.0005736414836981025,0.0003197958900482968,False
exposure_exp_hybrid,reranked_groups,43.0,Extremadura,low,2,poverty,164451,16,head_age_group;head_sex;head_education_group;n_adults_group;n_children_group,preferred_demographic,medium,0.012178064743261325,0.00994489099695548,-0.009018968652840938,0.03337509813936359,0.23962729619530876,0.022828292486914408,0.010650227743653084,False
exposure_exp_hybrid,reranked_groups,43.0,Extremadura,low,2,poverty,164451,16,head_age_group;head_sex;head_education_group;n_adults_group;n_children_group,preferred_demographic,high,-0.0021315296571817253,0.009077723463149888,-0.02148023920742987,0.01721717989306642,0.8175322972089178,0.0025785198462222637,0.0047100495034039895,True
exposure_exp_hybrid,reranked_groups,43.0,Extremadura,low,2,matdep,164451,16,head_age_group;head_sex;head_education_group;n_adults_group;n_children_group,preferred_demographic,medium,0.0022295774369266797,0.004219237935414571,-0.006763515343121275,0.011222670216974633,0.6049310113834869,-0.00045243895348042666,0.0026820163904071066,True
exposure_exp_hybrid,reranked_groups,43.0,Extremadura,low,2,matdep,164451,16,head_age_group;head_sex;head_education_group;n_adults_group;n_children_group,preferred_demographic,high,0.005093021983387647,0.005694240519917217,-0.007043964385097967,0.01723000835187326,0.3852261716277574,0.00684370652593298,0.001750684542545333,False
exposure_exp_hybrid,reranked_groups,43.0,Extremadura,low,2,poverty_gap,164451,16,head_age_group;head_sex;head_education_group;n_adults_group;n_children_group,preferred_demographic,medium,0.003200365063337866,0.006056892074095254,-0.009709594795497071,0.016110324922172802,0.6049630218889477,0.008974993213925982,0.005774628150588115,False
exposure_exp_hybrid,reranked_groups,43.0,Extremadura,low,2,poverty_gap,164451,16,head_age_group;head_sex;head_education_group;n_adults_group;n_children_group,preferred_demographic,high,-0.0018291043835201326,0.004513691969251086,-0.01144981108017717,0.007791602313136905,0.6910257338655312,-0.0008087280049758243,0.0010203763785443082,False
exposure_exp_hybrid,reranked_groups,43.0,Extremadura,low,2,poverty_gap_sq,164451,16,head_age_group;head_sex;head_education_group;n_adults_group;n_children_group,preferred_demographic,medium,0.001802622113128076,0.0043573488366849275,-0.007484847084669431,0.011090091310925584,0.6849502957351707,0.005788382183317716,0.00398576007018964,False
exposure_exp_hybrid,reranked_groups,43.0,Extremadura,low,2,poverty_gap_sq,164451,16,head_age_group;head_sex;head_education_group;n_adults_group;n_children_group,preferred_demographic,high,-0.0006708502668201896,0.003672030493408011,-0.008497597993276334,0.007155897459635954,0.8574860523105987,-0.0005736414836981025,9.720878312208714e-05,False
exposure_exp_hybrid,fixed_groups,51.0,Cataluña,low,0,poverty,135250,16,head_age_group;head_sex;head_education_group;n_adults_group;n_children_group,preferred_demographic,medium,0.025045918983146488,0.008965501807877781,0.005936404229030041,0.04415543373726294,0.013634948864775787,0.022828292486914408,0.00221762649623208,False
exposure_exp_hybrid,fixed_groups,51.0,Cataluña,low,0,poverty,135250,16,head_age_group;head_sex;head_education_group;n_adults_group;n_children_group,preferred_demographic,high,0.004760028213852708,0.008295547564768071,-0.012921512873241702,0.022441569300947116,0.5746033170624183,0.0025785198462222637,0.002181508367630444,False
exposure_exp_hybrid,fixed_groups,51.0,Cataluña,low,0,matdep,135250,16,head_age_group;head_sex;head_education_group;n_adults_group;n_children_group,preferred_demographic,medium,-0.0021539137856703195,0.004257916019836634,-0.011229446951182801,0.006921619379842163,0.6203068131170699,-0.00045243895348042666,0.0017014748321898929,False
exposure_exp_hybrid,fixed_groups,51.0,Cataluña,low,0,matdep,135250,16,head_age_group;head_sex;head_education_group;n_adults_group;n_children_group,preferred_demographic,high,0.005117948524714016,0.006100288164370409,-0.007884507911016973,0.018120404960445004,0.41465792708462046,0.00684370652593298,0.0017257580012189641,False
exposure_exp_hybrid,fixed_groups,51.0,Cataluña,low,0,poverty_gap,135250,16,head_age_group;head_sex;head_education_group;n_adults_group;n_children_group,preferred_demographic,medium,0.009989403381339655,0.005860496156061958,-0.0025019484872534203,0.022480755249932732,0.10890054468016008,0.008974993213925982,0.0010144101674136735,False
exposure_exp_hybrid,fixed_groups,51.0,Cataluña,low,0,poverty_gap,135250,16,head_age_group;head_sex;head_education_group;n_adults_group;n_children_group,preferred_demographic,high,0.0001809430569479315,0.004806235635604232,-0.01006330570441391,0.010425191818309774,0.9704651613939177,-0.0008087280049758243,0.0009896710619237557,True
exposure_exp_hybrid,fixed_groups,51.0,Cataluña,low,0,poverty_gap_sq,135250,16,head_age_group;head_sex;head_education_group;n_adults_group;n_children_group,preferred_demographic,medium,0.00619654371966636,0.004420122727962749,-0.0032247248601682786,0.015617812299500999,0.1813003347059805,0.005788382183317716,0.0004081615363486441,False
exposure_exp_hybrid,fixed_groups,51.0,Cataluña,low,0,poverty_gap_sq,135250,16,head_age_group;head_sex;head_education_group;n_adults_group;n_children_group,preferred_demographic,high,-0.00018103942795404698,0.00416946961614217,-0.009068053546505568,0.008705974690597475,0.9659392683766095,-0.0005736414836981025,0.00039260205574405546,False
exposure_exp_hybrid,reranked_groups,51.0,Cataluña,low,2,poverty,135250,16,head_age_group;head_sex;head_education_group;n_adults_group;n_children_group,preferred_demographic,medium,0.013230263763969663,0.011131675204969426,-0.010496340292981446,0.03695686782092077,0.25310407422811454,0.022828292486914408,0.009598028722944746,False
exposure_exp_hybrid,reranked_groups,51.0,Cataluña,low,2,poverty,135250,16,head_age_group;head_sex;head_education_group;n_adults_group;n_children_group,preferred_demographic,high,-0.0012629483180208088,0.010438132281145698,-0.023511300625161633,0.020985403989120018,0.9053019233173025,0.0025785198462222637,0.0038414681642430725,True
exposure_exp_hybrid,reranked_groups,51.0,Cataluña,low,2,matdep,135250,16,head_age_group;head_sex;head_education_group;n_adults_group;n_children_group,preferred_demographic,medium,0.0016741831136919878,0.004792370541011304,-0.008540512898100615,0.01188887912548459,0.7316874509746634,-0.00045243895348042666,0.0021266220671724142,True
exposure_exp_hybrid,reranked_groups,51.0,Cataluña,low,2,matdep,135250,16,head_age_group;head_sex;head_education_group;n_adults_group;n_children_group,preferred_demographic,high,0.004536477459840056,0.006064668098187026,-0.008390056602011552,0.017463011521691663,0.4660164169966652,0.00684370652593298,0.0023072290660929237,False
exposure_exp_hybrid,reranked_groups,51.0,Cataluña,low,2,poverty_gap,135250,16,head_age_group;head_sex;head_education_group;n_adults_group;n_children_group,preferred_demographic,medium,0.00324983587708299,0.006751193391683517,-0.011139992209607007,0.017639663963772985,0.6371990130089746,0.008974993213925982,0.005725157336842992,False
exposure_exp_hybrid,reranked_groups,51.0,Cataluña,low,2,poverty_gap,135250,16,head_age_group;head_sex;head_education_group;n_adults_group;n_children_group,preferred_demographic,high,-0.0018653835570768109,0.005412957122564165,-0.013402828556100754,0.00967206144194713,0.7351683633542132,-0.0008087280049758243,0.0010566555521009866,False
exposure_exp_hybrid,reranked_groups,51.0,Cataluña,low,2,poverty_gap_sq,135250,16,head_age_group;head_sex;head_education_group;n_adults_group;n_children_group,preferred_demographic,medium,0.0013291209663047596,0.004965218717929378,-0.009253992213630706,0.011912234146240226,0.7925866095320218,0.005788382183317716,0.004459261217012956,False
exposure_exp_hybrid,reranked_groups,51.0,Cataluña,low,2,poverty_gap_sq,135250,16,head_age_group;head_sex;head_education_group;n_adults_group;n_children_group,preferred_demographic,high,-0.00120823731030766,0.004384746767199626,-0.01055410381465,0.00813762919403468,0.786649938147268,-0.0005736414836981025,0.0006345958266095576,False
exposure_exp_hybrid,fixed_groups,52.0,Comunitat Valenciana,high,0,poverty,158706,16,head_age_group;head_sex;head_education_group;n_adults_group;n_children_group,preferred_demographic,medium,0.022867756924552115,0.008496243227925427,0.00475844315742514,0.04097707069167909,0.016741168671230433,0.022828292486914408,3.9464437637706795e-05,False
exposure_exp_hybrid,fixed_groups,52.0,Comunitat Valenciana,high,0,poverty,158706,16,head_age_group;head_sex;head_education_group;n_adults_group;n_children_group,preferred_demographic,high,-0.003889503940841719,0.0052498244376370734,-0.015079239852711866,0.007300231971028427,0.47020467790012566,0.0025785198462222637,0.006468023787063983,True
exposure_exp_hybrid,fixed_groups,52.0,Comunitat Valenciana,high,0,matdep,158706,16,head_age_group;head_sex;head_education_group;n_adults_group;n_children_group,preferred_demographic,medium,-0.00045004129682050387,0.002698604194642455,-0.00620197998113687,0.0053018973874958625,0.8697797628506048,-0.00045243895348042666,2.397656659922792e-06,False
exposure_exp_hybrid,fixed_groups,52.0,Comunitat Valenciana,high,0,matdep,158706,16,head_age_group;head_sex;head_education_group;n_adults_group;n_children_group,preferred_demographic,high,0.006299135955964928,0.006206038442576702,-0.006928721862191685,0.01952699377412154,0.3261985204046447,0.00684370652593298,0.0005445705699680522,False
exposure_exp_hybrid,fixed_groups,52.0,Comunitat Valenciana,high,0,poverty_gap,158706,16,head_age_group;head_sex;head_education_group;n_adults_group;n_children_group,preferred_demographic,medium,0.008975588422420001,0.005181183915548843,-0.002067843679838201,0.020019020524678202,0.10371757706241347,0.008974993213925982,5.952084940197278e-07,False
exposure_exp_hybrid,fixed_groups,52.0,Comunitat Valenciana,high,0,poverty_gap,158706,16,head_age_group;head_sex;head_education_group;n_adults_group;n_children_group,preferred_demographic,high,-0.00428645600554804,0.0026249953578140117,-0.009881501168057236,0.0013085891569611574,0.12329166704379557,-0.0008087280049758243,0.0034777280005722153,False
exposure_exp_hybrid,fixed_groups,52.0,Comunitat Valenciana,high,0,poverty_gap_sq,158706,16,head_age_group;head_sex;head_education_group;n_adults_group;n_children_group,preferred_demographic,medium,0.005785047731411762,0.003652699475479392,-0.002000496905665221,0.013570592368488744,0.13409766240231913,0.005788382183317716,3.3344519059543e-06,False
exposure_exp_hybrid,fixed_groups,52.0,Comunitat Valenciana,high,0,poverty_gap_sq,158706,16,head_age_group;head_sex;head_education_group;n_adults_group;n_children_group,preferred_demographic,high,-0.0036058185710552966,0.002129635984855119,-0.008145030223182486,0.0009333930810718921,0.11108369587521616,-0.0005736414836981025,0.003032177087357194,False
exposure_exp_hybrid,reranked_groups,52.0,Comunitat Valenciana,high,0,poverty,158706,16,head_age_group;head_sex;head_education_group;n_adults_group;n_children_group,preferred_demographic,medium,0.022867756924552115,0.008496243227925427,0.00475844315742514,0.04097707069167909,0.016741168671230433,0.022828292486914408,3.9464437637706795e-05,False
exposure_exp_hybrid,reranked_groups,52.0,Comunitat Valenciana,high,0,poverty,158706,16,head_age_group;head_sex;head_education_group;n_adults_group;n_children_group,preferred_demographic,high,-0.003889503940841719,0.0052498244376370734,-0.015079239852711866,0.007300231971028427,0.47020467790012566,0.0025785198462222637,0.006468023787063983,True
exposure_exp_hybrid,reranked_groups,52.0,Comunitat Valenciana,high,0,matdep,158706,16,head_age_group;head_sex;head_education_group;n_adults_group;n_children_group,preferred_demographic,medium,-0.00045004129682050387,0.002698604194642455,-0.00620197998113687,0.0053018973874958625,0.8697797628506048,-0.00045243895348042666,2.397656659922792e-06,False
exposure_exp_hybrid,reranked_groups,52.0,Comunitat Valenciana,high,0,matdep,158706,16,head_age_group;head_sex;head_education_group;n_adults_group;n_children_group,preferred_demographic,high,0.006299135955964928,0.006206038442576702,-0.006928721862191685,0.01952699377412154,0.3261985204046447,0.00684370652593298,0.0005445705699680522,False
exposure_exp_hybrid,reranked_groups,52.0,Comunitat Valenciana,high,0,poverty_gap,158706,16,head_age_group;head_sex;head_education_group;n_adults_group;n_children_group,preferred_demographic,medium,0.008975588422420001,0.005181183915548843,-0.002067843679838201,0.020019020524678202,0.10371757706241347,0.008974993213925982,5.952084940197278e-07,False
exposure_exp_hybrid,reranked_groups,52.0,Comunitat Valenciana,high,0,poverty_gap,158706,16,head_age_group;head_sex;head_education_group;n_adults_group;n_children_group,preferred_demographic,high,-0.00428645600554804,0.0026249953578140117,-0.009881501168057236,0.0013085891569611574,0.12329166704379557,-0.0008087280049758243,0.0034777280005722153,False
exposure_exp_hybrid,reranked_groups,52.0,Comunitat Valenciana,high,0,poverty_gap_sq,158706,16,head_age_group;head_sex;head_education_group;n_adults_group;n_children_group,preferred_demographic,medium,0.005785047731411762,0.003652699475479392,-0.002000496905665221,0.013570592368488744,0.13409766240231913,0.005788382183317716,3.3344519059543e-06,False
exposure_exp_hybrid,reranked_groups,52.0,Comunitat Valenciana,high,0,poverty_gap_sq,158706,16,head_age_group;head_sex;head_education_group;n_adults_group;n_children_group,preferred_demographic,high,-0.0036058185710552966,0.002129635984855119,-0.008145030223182486,0.0009333930810718921,0.11108369587521616,-0.0005736414836981025,0.003032177087357194,False
exposure_exp_hybrid,fixed_groups,53.0,Illes Balears,medium,0,poverty,166291,16,head_age_group;head_sex;head_education_group;n_adults_group;n_children_group,preferred_demographic,medium,0.024939853705844457,0.009608976945866383,0.004458804161283192,0.04542090325040572,0.020280854587032104,0.022828292486914408,0.002111561218930049,False
exposure_exp_hybrid,fixed_groups,53.0,Illes Balears,medium,0,poverty,166291,16,head_age_group;head_sex;head_education_group;n_adults_group;n_children_group,preferred_demographic,high,0.0025162973705118333,0.007719992283062645,-0.013938476672947016,0.018971071413970683,0.7489684039039424,0.0025785198462222637,6.222247571043048e-05,False
exposure_exp_hybrid,fixed_groups,53.0,Illes Balears,medium,0,matdep,166291,16,head_age_group;head_sex;head_education_group;n_adults_group;n_children_group,preferred_demographic,medium,-0.001617996896400614,0.00253453357007466,-0.007020227322542245,0.003784233529741017,0.5328522391597308,-0.00045243895348042666,0.0011655579429201873,False
exposure_exp_hybrid,fixed_groups,53.0,Illes Balears,medium,0,matdep,166291,16,head_age_group;head_sex;head_education_group;n_adults_group;n_children_group,preferred_demographic,high,0.006817284306328483,0.005214467022220713,-0.004297089058520293,0.01793165767117726,0.2107698471788937,0.00684370652593298,2.6422219604496817e-05,False
exposure_exp_hybrid,fixed_groups,53.0,Illes Balears,medium,0,poverty_gap,166291,16,head_age_group;head_sex;head_education_group;n_adults_group;n_children_group,preferred_demographic,medium,0.008237076146716022,0.005836783592797689,-0.004203733589683369,0.020677885883115414,0.17857967709884837,0.008974993213925982,0.0007379170672099592,False
exposure_exp_hybrid,fixed_groups,53.0,Illes Balears,medium,0,poverty_gap,166291,16,head_age_group;head_sex;head_education_group;n_adults_group;n_children_group,preferred_demographic,high,-0.0008418806504460466,0.003961764350484633,-0.009286181474901439,0.007602420174009346,0.8345766282145557,-0.0008087280049758243,3.3152645470222245e-05,False
exposure_exp_hybrid,fixed_groups,53.0,Illes Balears,medium,0,poverty_gap_sq,166291,16,head_age_group;head_sex;head_education_group;n_adults_group;n_children_group,preferred_demographic,medium,0.004742904005483207,0.0039432829541099865,-0.003662004655068135,0.013147812666034549,0.24770351048571282,0.005788382183317716,0.0010454781778345091,False
exposure_exp_hybrid,fixed_groups,53.0,Illes Balears,medium,0,poverty_gap_sq,166291,16,head_age_group;head_sex;head_education_group;n_adults_group;n_children_group,preferred_demographic,high,-0.0005988386705326806,0.003334383049382541,-0.007705907905861317,0.006508230564795956,0.8598740698927609,-0.0005736414836981025,2.5197186834578105e-05,False
exposure_exp_hybrid,reranked_groups,53.0,Illes Balears,medium,1,poverty,166291,16,head_age_group;head_sex;head_education_group;n_adults_group;n_children_group,preferred_demographic,medium,0.02073694926148301,0.0085895677722592,0.0024287189367462395,0.03904517958621978,0.02900785328347988,0.022828292486914408,0.0020913432254313982,False
exposure_exp_hybrid,reranked_groups,53.0,Illes Balears,medium,1,poverty,166291,16,head_age_group;head_sex;head_education_group;n_adults_group;n_children_group,preferred_demographic,high,0.002371516624483966,0.008523213143530705,-0.015795282157003664,0.020538315405971595,0.7846253652700543,0.0025785198462222637,0.00020700322173829774,False
exposure_exp_hybrid,reranked_groups,53.0,Illes Balears,medium,1,matdep,166291,16,head_age_group;head_sex;head_education_group;n_adults_group;n_children_group,preferred_demographic,medium,0.0016130911236890214,0.003821774193608918,-0.006532827744510786,0.009759009991888829,0.6789545132274504,-0.00045243895348042666,0.0020655300771694482,True
exposure_exp_hybrid,reranked_groups,53.0,Illes Balears,medium,1,matdep,166291,16,head_age_group;head_sex;head_education_group;n_adults_group;n_children_group,preferred_demographic,high,0.005860619118003912,0.005715018534545297,-0.006320654540318357,0.01804189277632618,0.321392405356421,0.00684370652593298,0.0009830874079290678,False
exposure_exp_hybrid,reranked_groups,53.0,Illes Balears,medium,1,poverty_gap,166291,16,head_age_group;head_sex;head_education_group;n_adults_group;n_children_group,preferred_demographic,medium,0.005634407136336786,0.005350897578094299,-0.005770761074829214,0.017039575347502785,0.3090161117496364,0.008974993213925982,0.003340586077589196,False
exposure_exp_hybrid,reranked_groups,53.0,Illes Balears,medium,1,poverty_gap,166291,16,head_age_group;head_sex;head_education_group;n_adults_group;n_children_group,preferred_demographic,high,-0.00034839069089631685,0.004263077810754093,-0.009434925953314093,0.00873814457152146,0.9359476441834262,-0.0008087280049758243,0.00046033731407950747,False
exposure_exp_hybrid,reranked_groups,53.0,Illes Balears,medium,1,poverty_gap_sq,166291,16,head_age_group;head_sex;head_education_group;n_adults_group;n_children_group,preferred_demographic,medium,0.0027385095777821477,0.0037915875724165438,-0.005343068030395188,0.010820087185959483,0.48124439413724485,0.005788382183317716,0.003049872605535568,False
exposure_exp_hybrid,reranked_groups,53.0,Illes Balears,medium,1,poverty_gap_sq,166291,16,head_age_group;head_sex;head_education_group;n_adults_group;n_children_group,preferred_demographic,high,-1.8591144672754894e-05,0.0035568276179396407,-0.0075997897545646625,0.007562607465219153,0.9958984467234253,-0.0005736414836981025,0.0005550503390253476,False
exposure_exp_hybrid,fixed_groups,61.0,Andalucía,high,0,poverty,152236,16,head_age_group;head_sex;head_education_group;n_adults_group;n_children_group,preferred_demographic,medium,0.023041421317310625,0.008510932041369103,0.004900799085444316,0.041182043549176935,0.016220418919405954,0.022828292486914408,0.000213128830396217,False
exposure_exp_hybrid,fixed_groups,61.0,Andalucía,high,0,poverty,152236,16,head_age_group;head_sex;head_education_group;n_adults_group;n_children_group,preferred_demographic,high,0.006948800857101804,0.009167139783952033,-0.012590495069485699,0.026488096783689307,0.4601880214722138,0.0025785198462222637,0.0043702810108795405,False
exposure_exp_hybrid,fixed_groups,61.0,Andalucía,high,0,matdep,152236,16,head_age_group;head_sex;head_education_group;n_adults_group;n_children_group,preferred_demographic,medium,-0.0003758984326045797,0.0026712644385277423,-0.0060695638061745265,0.005317766940965366,0.8899640302658207,-0.00045243895348042666,7.654052087584695e-05,False
exposure_exp_hybrid,fixed_groups,61.0,Andalucía,high,0,matdep,152236,16,head_age_group;head_sex;head_education_group;n_adults_group;n_children_group,preferred_demographic,high,0.003458345668265169,0.005918421736348085,-0.009156471652105057,0.016073162988635394,0.5676794919778225,0.00684370652593298,0.003385360857667811,False
exposure_exp_hybrid,fixed_groups,61.0,Andalucía,high,0,poverty_gap,152236,16,head_age_group;head_sex;head_education_group;n_adults_group;n_children_group,preferred_demographic,medium,0.009055366767394069,0.005177691875641621,-0.001980622227990808,0.020091355762778946,0.10073211941285831,0.008974993213925982,8.037355346808724e-05,False
exposure_exp_hybrid,fixed_groups,61.0,Andalucía,high,0,poverty_gap,152236,16,head_age_group;head_sex;head_education_group;n_adults_group;n_children_group,preferred_demographic,high,-0.0001420177194352453,0.00514848789940863,-0.011115759912949776,0.010831724474079285,0.9783573095253142,-0.0008087280049758243,0.0006667102855405791,False
exposure_exp_hybrid,fixed_groups,61.0,Andalucía,high,0,poverty_gap_sq,152236,16,head_age_group;head_sex;head_education_group;n_adults_group;n_children_group,preferred_demographic,medium,0.0058327044453549155,0.00364403240172571,-0.0019343667613084484,0.01359977565201828,0.13030756855614078,0.005788382183317716,4.4322262037199515e-05,False
exposure_exp_hybrid,fixed_groups,61.0,Andalucía,high,0,poverty_gap_sq,152236,16,head_age_group;head_sex;head_education_group;n_adults_group;n_children_group,preferred_demographic,high,-0.00036953075607480115,0.00441460822322945,-0.009779045447301663,0.00903998393515206,0.9343968119850419,-0.0005736414836981025,0.00020411072762330131,False
exposure_exp_hybrid,reranked_groups,61.0,Andalucía,high,0,poverty,152236,16,head_age_group;head_sex;head_education_group;n_adults_group;n_children_group,preferred_demographic,medium,0.023041421317310625,0.008510932041369103,0.004900799085444316,0.041182043549176935,0.016220418919405954,0.022828292486914408,0.000213128830396217,False
exposure_exp_hybrid,reranked_groups,61.0,Andalucía,high,0,poverty,152236,16,head_age_group;head_sex;head_education_group;n_adults_group;n_children_group,preferred_demographic,high,0.006948800857101804,0.009167139783952033,-0.012590495069485699,0.026488096783689307,0.4601880214722138,0.0025785198462222637,0.0043702810108795405,False
exposure_exp_hybrid,reranked_groups,61.0,Andalucía,high,0,matdep,152236,16,head_age_group;head_sex;head_education_group;n_adults_group;n_children_group,preferred_demographic,medium,-0.0003758984326045797,0.0026712644385277423,-0.0060695638061745265,0.005317766940965366,0.8899640302658207,-0.00045243895348042666,7.654052087584695e-05,False
exposure_exp_hybrid,reranked_groups,61.0,Andalucía,high,0,matdep,152236,16,head_age_group;head_sex;head_education_group;n_adults_group;n_children_group,preferred_demographic,high,0.003458345668265169,0.005918421736348085,-0.009156471652105057,0.016073162988635394,0.5676794919778225,0.00684370652593298,0.003385360857667811,False
exposure_exp_hybrid,reranked_groups,61.0,Andalucía,high,0,poverty_gap,152236,16,head_age_group;head_sex;head_education_group;n_adults_group;n_children_group,preferred_demographic,medium,0.009055366767394069,0.005177691875641621,-0.001980622227990808,0.020091355762778946,0.10073211941285831,0.008974993213925982,8.037355346808724e-05,False
exposure_exp_hybrid,reranked_groups,61.0,Andalucía,high,0,poverty_gap,152236,16,head_age_group;head_sex;head_education_group;n_adults_group;n_children_group,preferred_demographic,high,-0.0001420177194352453,0.00514848789940863,-0.011115759912949776,0.010831724474079285,0.9783573095253142,-0.0008087280049758243,0.0006667102855405791,False
exposure_exp_hybrid,reranked_groups,61.0,Andalucía,high,0,poverty_gap_sq,152236,16,head_age_group;head_sex;head_education_group;n_adults_group;n_children_group,preferred_demographic,medium,0.0058327044453549155,0.00364403240172571,-0.0019343667613084484,0.01359977565201828,0.13030756855614078,0.005788382183317716,4.4322262037199515e-05,False
exposure_exp_hybrid,reranked_groups,61.0,Andalucía,high,0,poverty_gap_sq,152236,16,head_age_group;head_sex;head_education_group;n_adults_group;n_children_group,preferred_demographic,high,-0.00036953075607480115,0.00441460822322945,-0.009779045447301663,0.00903998393515206,0.9343968119850419,-0.0005736414836981025,0.00020411072762330131,False
exposure_exp_hybrid,fixed_groups,62.0,Región de Murcia,high,0,poverty,164540,16,head_age_group;head_sex;head_education_group;n_adults_group;n_children_group,preferred_demographic,medium,0.022875955740694377,0.008494812509096372,0.004769691478565416,0.04098222000282334,0.016693644044256217,0.022828292486914408,4.7663253779969134e-05,False
exposure_exp_hybrid,fixed_groups,62.0,Región de Murcia,high,0,poverty,164540,16,head_age_group;head_sex;head_education_group;n_adults_group;n_children_group,preferred_demographic,high,0.0024851411732722643,0.008527282047090513,-0.015690330270858845,0.020660612617403373,0.7747107676554474,0.0025785198462222637,9.337867294999941e-05,False
exposure_exp_hybrid,fixed_groups,62.0,Región de Murcia,high,0,matdep,164540,16,head_age_group;head_sex;head_education_group;n_adults_group;n_children_group,preferred_demographic,medium,-0.000428123584308369,0.002701788353309257,-0.00618684914216808,0.005330601973551342,0.8762085168372553,-0.00045243895348042666,2.4315369172057684e-05,False
exposure_exp_hybrid,fixed_groups,62.0,Región de Murcia,high,0,matdep,164540,16,head_age_group;head_sex;head_education_group;n_adults_group;n_children_group,preferred_demographic,high,0.005949042587608195,0.005725775275621139,-0.0062551585215918845,0.018153243696808274,0.3152668217784973,0.00684370652593298,0.0008946639383247855,False
exposure_exp_hybrid,fixed_groups,62.0,Región de Murcia,high,0,poverty_gap,164540,16,head_age_group;head_sex;head_education_group;n_adults_group;n_children_group,preferred_demographic,medium,0.008996992887159749,0.005187183248159,-0.002059226489864034,0.02005321226418353,0.10333097046637496,0.008974993213925982,2.1999673233767322e-05,False
exposure_exp_hybrid,fixed_groups,62.0,Región de Murcia,high,0,poverty_gap,164540,16,head_age_group;head_sex;head_education_group;n_adults_group;n_children_group,preferred_demographic,high,-0.0002883068290133307,0.00426188293190172,-0.009372295267444217,0.008795681609417556,0.9469595263176205,-0.0008087280049758243,0.0005204211759624936,False
exposure_exp_hybrid,fixed_groups,62.0,Región de Murcia,high,0,poverty_gap_sq,164540,16,head_age_group;head_sex;head_education_group;n_adults_group;n_children_group,preferred_demographic,medium,0.005803143828196749,0.003654390397893765,-0.001986004924691924,0.013592292581085422,0.13313966015956158,0.005788382183317716,1.4761644879033274e-05,False
exposure_exp_hybrid,fixed_groups,62.0,Región de Murcia,high,0,poverty_gap_sq,164540,16,head_age_group;head_sex;head_education_group;n_adults_group;n_children_group,preferred_demographic,high,2.4854716730857996e-05,0.00355722043408497,-0.0075571811609555,0.007606890594417217,0.9945172123766677,-0.0005736414836981025,0.0005984962004289604,True
exposure_exp_hybrid,reranked_groups,62.0,Región de Murcia,high,0,poverty,164540,16,head_age_group;head_sex;head_education_group;n_adults_group;n_children_group,preferred_demographic,medium,0.022875955740694377,0.008494812509096372,0.004769691478565416,0.04098222000282334,0.016693644044256217,0.022828292486914408,4.7663253779969134e-05,False
exposure_exp_hybrid,reranked_groups,62.0,Región de Murcia,high,0,poverty,164540,16,head_age_group;head_sex;head_education_group;n_adults_group;n_children_group,preferred_demographic,high,0.0024851411732722643,0.008527282047090513,-0.015690330270858845,0.020660612617403373,0.7747107676554474,0.0025785198462222637,9.337867294999941e-05,False
exposure_exp_hybrid,reranked_groups,62.0,Región de Murcia,high,0,matdep,164540,16,head_age_group;head_sex;head_education_group;n_adults_group;n_children_group,preferred_demographic,medium,-0.000428123584308369,0.002701788353309257,-0.00618684914216808,0.005330601973551342,0.8762085168372553,-0.00045243895348042666,2.4315369172057684e-05,False
exposure_exp_hybrid,reranked_groups,62.0,Región de Murcia,high,0,matdep,164540,16,head_age_group;head_sex;head_education_group;n_adults_group;n_children_group,preferred_demographic,high,0.005949042587608195,0.005725775275621139,-0.0062551585215918845,0.018153243696808274,0.3152668217784973,0.00684370652593298,0.0008946639383247855,False
exposure_exp_hybrid,reranked_groups,62.0,Región de Murcia,high,0,poverty_gap,164540,16,head_age_group;head_sex;head_education_group;n_adults_group;n_children_group,preferred_demographic,medium,0.008996992887159749,0.005187183248159,-0.002059226489864034,0.02005321226418353,0.10333097046637496,0.008974993213925982,2.1999673233767322e-05,False
exposure_exp_hybrid,reranked_groups,62.0,Región de Murcia,high,0,poverty_gap,164540,16,head_age_group;head_sex;head_education_group;n_adults_group;n_children_group,preferred_demographic,high,-0.0002883068290133307,0.00426188293190172,-0.009372295267444217,0.008795681609417556,0.9469595263176205,-0.0008087280049758243,0.0005204211759624936,False
exposure_exp_hybrid,reranked_groups,62.0,Región de Murcia,high,0,poverty_gap_sq,164540,16,head_age_group;head_sex;head_education_group;n_adults_group;n_children_group,preferred_demographic,medium,0.005803143828196749,0.003654390397893765,-0.001986004924691924,0.013592292581085422,0.13313966015956158,0.005788382183317716,1.4761644879033274e-05,False
exposure_exp_hybrid,reranked_groups,62.0,Región de Murcia,high,0,poverty_gap_sq,164540,16,head_age_group;head_sex;head_education_group;n_adults_group;n_children_group,preferred_demographic,high,2.4854716730857996e-05,0.00355722043408497,-0.0075571811609555,0.007606890594417217,0.9945172123766677,-0.0005736414836981025,0.0005984962004289604,True
exposure_exp_hybrid,fixed_groups,70.0,Canarias,high,0,poverty,165319,16,head_age_group;head_sex;head_education_group;n_adults_group;n_children_group,preferred_demographic,medium,0.02286397399816723,0.008489606433483819,0.004768806223536794,0.040959141772797664,0.016685614513427316,0.022828292486914408,3.568151125282054e-05,False
exposure_exp_hybrid,fixed_groups,70.0,Canarias,high,0,poverty,165319,16,head_age_group;head_sex;head_education_group;n_adults_group;n_children_group,preferred_demographic,high,0.005367535805110479,0.008041857126719032,-0.011773276913091449,0.022508348523312405,0.5146229685024557,0.0025785198462222637,0.002789015958888215,False
exposure_exp_hybrid,fixed_groups,70.0,Canarias,high,0,matdep,165319,16,head_age_group;head_sex;head_education_group;n_adults_group;n_children_group,preferred_demographic,medium,-0.0003958803115392281,0.0026959168365377414,-0.006142091027644546,0.00535033040456609,0.8852102855424531,-0.00045243895348042666,5.655864194119856e-05,False
exposure_exp_hybrid,fixed_groups,70.0,Canarias,high,0,matdep,165319,16,head_age_group;head_sex;head_education_group;n_adults_group;n_children_group,preferred_demographic,high,0.006219066505877197,0.005684803431001081,-0.005897805183726711,0.018335938195481107,0.2912204955534008,0.00684370652593298,0.0006246400200557826,False
exposure_exp_hybrid,fixed_groups,70.0,Canarias,high,0,poverty_gap,165319,16,head_age_group;head_sex;head_education_group;n_adults_group;n_children_group,preferred_demographic,medium,0.009008215409012145,0.005182645893420585,-0.0020383328253164006,0.02005476364334069,0.1026630603742753,0.008974993213925982,3.3222195086163656e-05,False
exposure_exp_hybrid,fixed_groups,70.0,Canarias,high,0,poverty_gap,165319,16,head_age_group;head_sex;head_education_group;n_adults_group;n_children_group,preferred_demographic,high,0.0007029612618524512,0.0039364407881686304,-0.007687363667212543,0.009093286190917446,0.8606587203227867,-0.0008087280049758243,0.0015116892668282755,True
exposure_exp_hybrid,fixed_groups,70.0,Canarias,high,0,poverty_gap_sq,165319,16,head_age_group;head_sex;head_education_group;n_adults_group;n_children_group,preferred_demographic,medium,0.005811333010470017,0.003651524467431963,-0.0019717071562382433,0.013594373177178279,0.13235183709408282,0.005788382183317716,2.2950827152301394e-05,False
exposure_exp_hybrid,fixed_groups,70.0,Canarias,high,0,poverty_gap_sq,165319,16,head_age_group;head_sex;head_education_group;n_adults_group;n_children_group,preferred_demographic,high,0.0004406410750730335,0.0034039101314203074,-0.006814621627669098,0.007695903777815164,0.8987203495047624,-0.0005736414836981025,0.001014282558771136,True
exposure_exp_hybrid,reranked_groups,70.0,Canarias,high,0,poverty,165319,16,head_age_group;head_sex;head_education_group;n_adults_group;n_children_group,preferred_demographic,medium,0.02286397399816723,0.008489606433483819,0.004768806223536794,0.040959141772797664,0.016685614513427316,0.022828292486914408,3.568151125282054e-05,False
exposure_exp_hybrid,reranked_groups,70.0,Canarias,high,0,poverty,165319,16,head_age_group;head_sex;head_education_group;n_adults_group;n_children_group,preferred_demographic,high,0.005367535805110479,0.008041857126719032,-0.011773276913091449,0.022508348523312405,0.5146229685024557,0.0025785198462222637,0.002789015958888215,False
exposure_exp_hybrid,reranked_groups,70.0,Canarias,high,0,matdep,165319,16,head_age_group;head_sex;head_education_group;n_adults_group;n_children_group,preferred_demographic,medium,-0.0003958803115392281,0.0026959168365377414,-0.006142091027644546,0.00535033040456609,0.8852102855424531,-0.00045243895348042666,5.655864194119856e-05,False
exposure_exp_hybrid,reranked_groups,70.0,Canarias,high,0,matdep,165319,16,head_age_group;head_sex;head_education_group;n_adults_group;n_children_group,preferred_demographic,high,0.006219066505877197,0.005684803431001081,-0.005897805183726711,0.018335938195481107,0.2912204955534008,0.00684370652593298,0.0006246400200557826,False
exposure_exp_hybrid,reranked_groups,70.0,Canarias,high,0,poverty_gap,165319,16,head_age_group;head_sex;head_education_group;n_adults_group;n_children_group,preferred_demographic,medium,0.009008215409012145,0.005182645893420585,-0.0020383328253164006,0.02005476364334069,0.1026630603742753,0.008974993213925982,3.3222195086163656e-05,False
exposure_exp_hybrid,reranked_groups,70.0,Canarias,high,0,poverty_gap,165319,16,head_age_group;head_sex;head_education_group;n_adults_group;n_children_group,preferred_demographic,high,0.0007029612618524512,0.0039364407881686304,-0.007687363667212543,0.009093286190917446,0.8606587203227867,-0.0008087280049758243,0.0015116892668282755,True
exposure_exp_hybrid,reranked_groups,70.0,Canarias,high,0,poverty_gap_sq,165319,16,head_age_group;head_sex;head_education_group;n_adults_group;n_children_group,preferred_demographic,medium,0.005811333010470017,0.003651524467431963,-0.0019717071562382433,0.013594373177178279,0.13235183709408282,0.005788382183317716,2.2950827152301394e-05,False
exposure_exp_hybrid,reranked_groups,70.0,Canarias,high,0,poverty_gap_sq,165319,16,head_age_group;head_sex;head_education_group;n_adults_group;n_children_group,preferred_demographic,high,0.0004406410750730335,0.0034039101314203074,-0.006814621627669098,0.007695903777815164,0.8987203495047624,-0.0005736414836981025,0.001014282558771136,True
