year,coef,se,ci_low,ci_high,pval,pval_wbt
2017,0.005389401868251972,0.003371449244949302,-0.0018416375913058221,0.012620441327809767,0.10992249507977171,0.24562456245624562
2018,0.00016441949132025497,0.0033549764575003193,-0.007031289353004061,0.007360128335644572,0.9609132043578311,0.9405940594059405
2019,0.0,0.0,0.0,0.0,,
2021,0.004763333811038337,0.002329317019020502,-0.00023255432329721826,0.009759221945373892,0.04085991589752472,0.7402740274027403
2022,0.0012836253177140784,0.0022783897263198194,-0.003603034637185359,0.006170285272613515,0.5731683501505774,0.9405940594059405
2023,0.00010938756154258736,0.0036077015657179396,-0.007628362730589468,0.007847137853674642,0.9758113930230708,0.8924892489248925
2024,0.0037796353850333793,0.003916155752628978,-0.0046196833410179815,0.012178954111084741,0.3344751007959914,0.8867886788678868
2025,0.0015637126995263644,0.004603396924635582,-0.00830959174363379,0.011437017142686518,0.7340924804095825,0.9390939093909391
