year,coef,se,ci_low,ci_high,pval,pval_wbt
2017,0.00036079385687675205,0.0030008972869012235,-0.006075490695877647,0.006797078409631151,0.9043020157623513,0.8360836083608361
2018,-0.001045763132952556,0.0033514911023021323,-0.008233996633845136,0.0061424703679400245,0.7550183217069092,0.5327532753275328
2019,0.0,0.0,0.0,0.0,,
2021,0.004974822523715344,0.002051539916276872,0.000574707021552703,0.009374938025877985,0.015311712177367563,0.7393739373937394
2022,0.0020165015728037207,0.0017504031179296988,-0.0017377397330217152,0.005770742878629156,0.24931234481760178,0.7132713271327132
2023,0.0003133900746395572,0.0027977829380421678,-0.005687257526556846,0.00631403767583596,0.9108125280490926,0.796979697969797
2024,0.0036491534968401255,0.002843221419212638,-0.0024489499538899065,0.009747256947570157,0.1993318841734445,0.9241924192419242
2025,0.002095470762992114,0.003997711272005596,-0.0064787671553444386,0.010669708681328667,0.6001619669789962,0.9316931693169317
