year,coef,se,ci_low,ci_high,pval,pval_wbt
2017,0.004362656588622618,0.003902926820362703,-0.004008288899608668,0.012733602076853905,0.26365625363939427,0.3509350935093509
2018,-0.0002709357826621732,0.003318001840728735,-0.007387341961143933,0.006845470395819587,0.9349200228641341,0.7313731373137313
2019,0.0,0.0,0.0,0.0,,
2021,0.00484136777533062,0.002537496034576518,-0.000601019940273311,0.010283755490934552,0.05640011313313943,0.7197719771977198
2022,0.0014723137555047634,0.0022926087472576132,-0.003444842966217279,0.006389470477226805,0.5207432146453235,0.9310931093109311
2023,0.0007635335233367012,0.0035539744689867896,-0.006858983606945911,0.008386050653619314,0.8298925813906686,0.9072907290729073
2024,0.003539312096901921,0.003766853555873557,-0.0045397852650715265,0.01161840945887537,0.34742597812798726,0.8175817581758176
2025,0.0025820218931465774,0.004826084662740737,-0.007768900246264039,0.012932944032557195,0.5926403149306839,0.9900990099009901
