outcome,coef,se,ci_low,ci_high,pval_cluster,pval_wbt,n_obs,n_clusters,verdict
poverty_gap,-0.002774214221411485,0.0028839479883495944,-0.008959667475471025,0.003411239032648055,0.33607464156989075,0.3651365136513651,39542,15,PASS
poverty_gap_sq,0.00034485516899518154,0.002803729952218825,-0.005668547509040175,0.006358257847030538,0.9021081190061503,0.504950495049505,39542,15,PASS
