outcome,coef,se,ci_low,ci_high,pval_cluster,pval_wbt,n_obs,n_clusters,verdict
poverty_gap,-0.0020392499921911052,0.0030840923692801742,-0.008653970250132103,0.0045754702657498925,0.5084740570982929,0.701070107010701,39542,15,PASS
poverty_gap_sq,0.0009042184689296226,0.0031045838959499537,-0.005754451742627831,0.007562888680487076,0.7708580532870669,0.46114611461146116,39542,15,PASS
