outcome,coef_medium,se_medium,ci_low_medium,ci_high_medium,pval_cluster_medium,pval_wbt_medium,coef_high,se_high,ci_low_high,ci_high_high,pval_cluster_high,pval_wbt_high,linearity_ratio,linearity_f,linearity_p,n_obs,n_clusters,r_squared,label
matdep,0.0037156667532190074,0.006689380539126885,-0.010631627577516758,0.018062961083954773,0.5785817556097664,0.8468846884688469,0.01021432470030284,0.0070812199231412186,-0.004973381525068779,0.02540203092567446,0.14917470989438697,0.5972597259725972,2.748988372397451,0.11197665381105888,0.7428654099403116,160572,15,0.008353119593422442,baseline_2021_2025
poverty,-0.004054191921828238,0.013102422155940326,-0.03215609254136834,0.024047708697711865,0.7569997099706917,0.11311131113111311,-0.011255962333340766,0.009852220317405966,-0.032386873316546404,0.009874948649864872,0.2532546531644637,0.09150915091509151,2.776376291595216,0.015332068311630724,0.9032158189263996,160572,15,0.02962934268818096,baseline_2021_2025
matdep,0.008956474117717207,0.007236139432711572,-0.006563501409479663,0.024476449644914078,0.2158117187717521,0.9487948794879488,0.012581405427069427,0.007390238001053203,-0.0032690786581337627,0.028431889512272615,0.08867371180414957,0.6134613461346134,1.4047274922819886,0.3584569628541087,0.5589278993222172,141345,15,0.008457182819236797,covid_robust_2022_2025
poverty,-0.003448503265903389,0.013688322384054416,-0.0328070348951506,0.025910028363343822,0.8010949330439755,0.1498149814981498,-0.01160826400569681,0.01106300135404248,-0.03533604203826376,0.012119514026870141,0.29404602643759126,0.11651165116511651,3.366174572160611,0.03145032836446732,0.8617796461806247,141345,15,0.029559889823040697,covid_robust_2022_2025
