year,coef,se,ci_low,ci_high,pval
2017,467.5874486200067,283.0635835821056,-87.21717520092028,1022.3920724409336,0.09855874498147549
2018,516.0149352771556,221.4757488087999,81.92246761190779,950.1074029424034,0.01981177404145355
2019,0.0,0.0,0.0,0.0,
2021,240.48441163220875,318.02076079610885,-382.8362795281646,863.8051027925821,0.449534736085874
2022,61.9600411610521,285.18006864556116,-496.99289338424774,620.912975706352,0.8280007561659519
2023,-208.30547963214104,302.70099963898855,-801.5994389245586,384.9884796602765,0.4913546099977285
2024,-409.81132438259647,237.59824065027274,-875.503876057131,55.8812272919381,0.08456209615435185
2025,-506.6291902354119,287.67457488084466,-1070.4713570018675,57.21297653104364,0.07821824582832716
