year,coef,se,ci_low,ci_high,pval,pval_wbt
2017,0.0061069555550468165,0.006396426251759144,-0.007612014319974171,0.019825925430067802,0.3397067009129394,0.23552355235523553
2018,0.0022975770291002702,0.005543461759663267,-0.009591965958006907,0.01418712001620745,0.6785327819118034,0.5825582558255825
2019,0.0,0.0,0.0,0.0,,
2021,0.008892511176149757,0.0053876372462657645,-0.0026628214689711893,0.020447843821270704,0.09883252413483042,0.024402440244024402
2022,0.011079566650385208,0.00451631514903365,0.0013930340402963232,0.020766099260474093,0.014157918512267595,0.054005400540054004
2023,0.00897243893547816,0.0052722581206052326,-0.0023354300968624828,0.0202803079678188,0.08878895177429424,0.1417141714171417
2024,0.009504998548288015,0.0029808549650599237,0.0031117005006137998,0.01589829659596223,0.0014292301204428097,0.2155215521552155
2025,0.006761867089835589,0.005115551299340569,-0.004209899238350689,0.017733633418021866,0.1862262039944964,0.36583658365836585
