year,coef,se,ci_low,ci_high,pval
2017,0.0061069555550468165,0.006396426251759144,-0.0064300398984011055,0.01864395100849474,0.3397067009129394
2018,0.0022975770291002702,0.005543461759663267,-0.008567608019839731,0.013162762078040274,0.6785327819118034
2019,0.0,0.0,0.0,0.0,
2021,0.008892511176149757,0.0053876372462657645,-0.0016672578265311423,0.019452280178830654,0.09883252413483042
2022,0.011079566650385208,0.00451631514903365,0.0022275889582792554,0.019931544342491163,0.014157918512267595
2023,0.00897243893547816,0.0052722581206052326,-0.0013611869809080964,0.019306064851864417,0.08878895177429424
2024,0.009504998548288015,0.0029808549650599237,0.003662522816770564,0.015347474279805465,0.0014292301204428097
2025,0.006761867089835589,0.005115551299340569,-0.003264613456871926,0.016788347636543105,0.1862262039944964
