year,coef,se,ci_low,ci_high,pval
2017,0.006066520937149721,0.006266084484019956,-0.006215004651529393,0.018348046525828835,0.33296856576280676
2018,0.00236203232695298,0.005799607660518146,-0.009005198687662586,0.013729263341568546,0.6838063872745772
2019,0.0,0.0,0.0,0.0,
2021,0.010689784515668755,0.006134553084685017,-0.0013339395303138771,0.022713508561651385,0.08141170785276639
2022,0.012836308829035243,0.00520126271349632,0.0026418339105824546,0.02303078374748803,0.013590006387239239
2023,0.010816959069345291,0.005609950723513217,-0.00017854434874061374,0.021812462487431197,0.05383353261766835
2024,0.011075515191899619,0.0032634095902809627,0.004679232394948932,0.017471797988850304,0.0006891800412079806
2025,0.008316208061935374,0.005321099589563155,-0.00211314713360841,0.018745563257479156,0.11808224032281228
