year,coef,se,ci_low,ci_high,pval
2017,0.003717521287499679,0.005671167097368052,-0.0073979662233417025,0.014833008798341062,0.5121377995711729
2018,0.00484803987884507,0.004852898275501682,-0.004663640741138226,0.014359720498828365,0.3177952401416424
2019,0.0,0.0,0.0,0.0,
2021,0.0026003327658413876,0.005129027045386655,-0.007452560243116456,0.01265322577479923,0.6121663024935247
2022,-0.006307360913399317,0.005545071159660477,-0.017175700386333852,0.004560978559535218,0.25534119421830404
2023,-0.0018014809485563418,0.0073400621907558855,-0.016188002842437876,0.012585040945325194,0.8061225020965385
2024,0.001759451356090885,0.007427637911758408,-0.012798718950955596,0.016317621663137365,0.8127506708225979
2025,0.0022553028689427297,0.008169202897617656,-0.013756334810387875,0.018266940548273335,0.7824913852148051
