year,coef,se,ci_low,ci_high,pval
2017,472.55359758174694,260.8417737215824,-38.69627891255453,983.8034740760484,0.07004053210039558
2018,508.0985847053749,190.45699346677438,134.80287751049713,881.3942919002527,0.007635277349298372
2019,0.0,0.0,0.0,0.0,
2021,19.744669470183865,374.43163515910646,-714.1413354416648,753.6306743820326,0.9579451432270218
2022,-153.80169470498802,325.16116524613193,-791.1175785874066,483.5141891774306,0.6362121621113142
2023,-434.84803707726354,331.5404576921773,-1084.667334153931,214.97125999940403,0.18965556806166073
2024,-602.7009819261835,305.55706767665083,-1201.5928345724192,-3.8091292799479106,0.048556413458645135
2025,-697.5321641286464,338.11477764125954,-1360.237128305515,-34.82719995177774,0.039112241005554924
