year,coef,se,ci_low,ci_high,pval,pval_wbt
2017,0.003717521287499679,0.005671167097368052,-0.008445922407892773,0.01588096498289213,0.5121377995711729,0.22772277227722773
2018,0.00484803987884507,0.004852898275501682,-0.005560391740270204,0.015256471497960344,0.3177952401416424,0.28622862286228623
2019,0.0,0.0,0.0,0.0,,
2021,0.0026003327658413876,0.005129027045386655,-0.008400336163074297,0.013601001694757071,0.6121663024935247,0.7735773577357736
2022,-0.006307360913399317,0.005545071159660477,-0.018200355720196047,0.005585633893397414,0.25534119421830404,0.922992299229923
2023,-0.0018014809485563418,0.0073400621907558855,-0.017544348623778357,0.013941386726665672,0.8061225020965385,0.6533653365336534
2024,0.001759451356090885,0.007427637911758408,-0.014171247559722145,0.017690150271903914,0.8127506708225979,0.8509850985098509
2025,0.0022553028689427297,0.008169202897617656,-0.01526589475676717,0.01977650049465263,0.7824913852148051,0.8971897189718971
