year,coef,se,ci_low,ci_high,pval
2017,0.0035943925711165604,0.00512607622662189,-0.006452716833062344,0.013641501975295465,0.4831796801929379
2018,0.005044314717125411,0.005094487210293,-0.004940880215048868,0.01502950964929969,0.32210002018299255
2019,0.0,0.0,0.0,0.0,
2021,0.008073265880915956,0.005875395375036386,-0.0034425090541553606,0.019589040815987273,0.16941671013294635
2022,-0.0009578505007231682,0.004751891917306611,-0.010271558658644125,0.00835585765719779,0.840250984025807
2023,0.0038153248539295518,0.0070686756184883065,-0.010039279358307528,0.017669929066166632,0.5893687516134398
2024,0.006541880582409072,0.005703858169921826,-0.0046376814306377055,0.01772144259545585,0.2514138475315999
2025,0.006988475053313389,0.0068935016752276,-0.006522788230132706,0.020499738336759485,0.3106890613425164
