outcome,coef,se,ci_low,ci_high,pval_cluster,pval_wbt,n_obs,n_clusters,r_squared,interpretation
matdep,-0.004297965249697135,0.0038018746251460476,-0.01245217533484287,0.003856244835448599,0.25827158161808894,0.40494049404940496,39542,15,0.046674039512663135,"PASS — placebo insignificant, parallel trends supported"
poverty,-0.004265481479515745,0.004694562876500309,-0.014334317442626721,0.005803354483595232,0.36356112098884663,0.2804280428042804,39542,15,0.12208171505472187,"PASS — placebo insignificant, parallel trends supported"
income_net_annual,-491.85178097357215,241.15090917084592,-1009.0690407424779,25.365478795333672,0.04139002224491849,0.081008100810081,39542,15,0.34327306271365254,"WARNING — placebo significant, parallel trends concern"
